mes,uf,regiao,sistema_epe,consumo_mwh,numero_consumidores,id_subsistema,consumo_mwh_por_consumidor,nom_subsistema,carga_mwmed_media_mes,energia_estimada_mwh_mes,dias_no_mes,valores_imputados,papel_epe,papel_ons
2015-01-01,BA,Nordeste,NORDESTE,2086183.676,5609921,NE,0.3718739846782156,Nordeste,10042.264085604516,7471444.47968976,31,0,variavel_principal_consumo_estadual,variavel_complementar_carga_subsistema
2015-01-01,MG,Sudeste,SUDESTE / CENTRO - OESTE,4490375.786,8534870,SE,0.5261211695081472,Sudeste/Centro-Oeste,40467.71431451645,30107979.45000024,31,0,variavel_principal_consumo_estadual,variavel_complementar_carga_subsistema
2015-01-01,PR,Sul,SUL,2554074.0,4461731,S,0.5724401583152369,Sul,11607.682456572582,8636115.74769,31,0,variavel_principal_consumo_estadual,variavel_complementar_carga_subsistema
2015-01-01,RJ,Sudeste,SUDESTE / CENTRO - OESTE,3959162.46,6959628,SE,0.5688755864537587,Sudeste/Centro-Oeste,40467.71431451645,30107979.45000024,31,0,variavel_principal_consumo_estadual,variavel_complementar_carga_subsistema
2015-01-01,RS,Sul,SUL,2718925.309,4429752,S,0.6137872524240634,Sul,11607.682456572582,8636115.74769,31,0,variavel_principal_consumo_estadual,variavel_complementar_carga_subsistema
2015-01-01,SP,Sudeste,SUDESTE / CENTRO - OESTE,11481676.0,17496706,SE,0.656219290648194,Sudeste/Centro-Oeste,40467.71431451645,30107979.45000024,31,0,variavel_principal_consumo_estadual,variavel_complementar_carga_subsistema
2015-02-01,BA,Nordeste,NORDESTE,2012148.598,5622701,NE,0.3578615683103192,Nordeste,10003.646017432857,6722450.12371488,28,0,variavel_principal_consumo_estadual,variavel_complementar_carga_subsistema
2015-02-01,MG,Sudeste,SUDESTE / CENTRO - OESTE,4590876.5309999995,8543732,SE,0.5373385460826721,Sudeste/Centro-Oeste,39133.78258908964,26297901.89986824,28,0,variavel_principal_consumo_estadual,variavel_complementar_carga_subsistema
2015-02-01,PR,Sul,SUL,2680958.0,4472080,S,0.5994879340262249,Sul,11707.07816716857,7867156.52833728,28,0,variavel_principal_consumo_estadual,variavel_complementar_carga_subsistema
2015-02-01,RJ,Sudeste,SUDESTE / CENTRO - OESTE,3806013.34,6957781,SE,0.547015397581499,Sudeste/Centro-Oeste,39133.78258908964,26297901.89986824,28,0,variavel_principal_consumo_estadual,variavel_complementar_carga_subsistema
2015-02-01,RS,Sul,SUL,2812330.3,4435630,S,0.6340317609899834,Sul,11707.07816716857,7867156.52833728,28,0,variavel_principal_consumo_estadual,variavel_complementar_carga_subsistema
2015-02-01,SP,Sudeste,SUDESTE / CENTRO - OESTE,11507491.0,17573892,SE,0.6548060611730173,Sudeste/Centro-Oeste,39133.78258908964,26297901.89986824,28,0,variavel_principal_consumo_estadual,variavel_complementar_carga_subsistema
2015-03-01,BA,Nordeste,NORDESTE,2120682.0719999997,5635684,NE,0.3762954189766495,Nordeste,10058.703664083225,7483675.52607792,31,0,variavel_principal_consumo_estadual,variavel_complementar_carga_subsistema
2015-03-01,MG,Sudeste,SUDESTE / CENTRO - OESTE,4307554.691,8560407,SE,0.5031950806778228,Sudeste/Centro-Oeste,38210.43229966032,28428561.63094728,31,0,variavel_principal_consumo_estadual,variavel_complementar_carga_subsistema
2015-03-01,PR,Sul,SUL,2526254.0,4485043,S,0.563261935281334,Sul,11622.857322081934,8647405.84762896,31,0,variavel_principal_consumo_estadual,variavel_complementar_carga_subsistema
2015-03-01,RJ,Sudeste,SUDESTE / CENTRO - OESTE,3819182.7199999997,6994715,SE,0.5460097688040184,Sudeste/Centro-Oeste,38210.43229966032,28428561.63094728,31,0,variavel_principal_consumo_estadual,variavel_complementar_carga_subsistema
2015-03-01,RS,Sul,SUL,2711005.0,4441906,S,0.6103247119592355,Sul,11622.857322081934,8647405.84762896,31,0,variavel_principal_consumo_estadual,variavel_complementar_carga_subsistema
2015-03-01,SP,Sudeste,SUDESTE / CENTRO - OESTE,11031343.0,17597067,SE,0.6268853212867803,Sudeste/Centro-Oeste,38210.43229966032,28428561.63094728,31,0,variavel_principal_consumo_estadual,variavel_complementar_carga_subsistema
2015-04-01,BA,Nordeste,NORDESTE,2077299.821,5648741,NE,0.36774563057502546,Nordeste,10070.8968726765,7251045.74832708,30,1,variavel_principal_consumo_estadual,variavel_complementar_carga_subsistema
2015-04-01,MG,Sudeste,SUDESTE / CENTRO - OESTE,4463240.88,8579376,SE,0.5202290795973973,Sudeste/Centro-Oeste,35811.95469638483,25784607.38139708,30,1,variavel_principal_consumo_estadual,variavel_complementar_carga_subsistema
2015-04-01,PR,Sul,SUL,2569563.0,4495452,S,0.5715916886666791,Sul,10478.206839759167,7544308.9246266,30,1,variavel_principal_consumo_estadual,variavel_complementar_carga_subsistema
2015-04-01,RJ,Sudeste,SUDESTE / CENTRO - OESTE,3535738.14,6993201,SE,0.5055965272555444,Sudeste/Centro-Oeste,35811.95469638483,25784607.38139708,30,1,variavel_principal_consumo_estadual,variavel_complementar_carga_subsistema
2015-04-01,RS,Sul,SUL,2629654.6,4447895,S,0.5912132817883516,Sul,10478.206839759167,7544308.9246266,30,1,variavel_principal_consumo_estadual,variavel_complementar_carga_subsistema
2015-04-01,SP,Sudeste,SUDESTE / CENTRO - OESTE,11270450.0,17666211,SE,0.6379664547196906,Sudeste/Centro-Oeste,35811.95469638483,25784607.38139708,30,1,variavel_principal_consumo_estadual,variavel_complementar_carga_subsistema
2015-05-01,BA,Nordeste,NORDESTE,2069074.3599999999,5661663,NE,0.3654534648212018,Nordeste,9804.350262011934,7294436.59493688,31,0,variavel_principal_consumo_estadual,variavel_complementar_carga_subsistema
2015-05-01,MG,Sudeste,SUDESTE / CENTRO - OESTE,4307339.6280000005,8589699,SE,0.5014540821511907,Sudeste/Centro-Oeste,33218.030844086126,24714214.94800008,31,0,variavel_principal_consumo_estadual,variavel_complementar_carga_subsistema
2015-05-01,PR,Sul,SUL,2422206.0,4502544,S,0.5379638710915429,Sul,9837.77302829258,7319303.13304968,31,0,variavel_principal_consumo_estadual,variavel_complementar_carga_subsistema
2015-05-01,RJ,Sudeste,SUDESTE / CENTRO - OESTE,3326824.48,7006942,SE,0.47478978418830925,Sudeste/Centro-Oeste,33218.030844086126,24714214.94800008,31,0,variavel_principal_consumo_estadual,variavel_complementar_carga_subsistema
2015-05-01,RS,Sul,SUL,2369742.3,4452073,S,0.5322784015446287,Sul,9837.77302829258,7319303.13304968,31,0,variavel_principal_consumo_estadual,variavel_complementar_carga_subsistema
2015-05-01,SP,Sudeste,SUDESTE / CENTRO - OESTE,10752521.52,17709557,SE,0.6071592598278996,Sudeste/Centro-Oeste,33218.030844086126,24714214.94800008,31,0,variavel_principal_consumo_estadual,variavel_complementar_carga_subsistema
2015-06-01,BA,Nordeste,NORDESTE,1955895.0860000001,5672785,NE,0.34478568921614344,Nordeste,9447.666171371,6802319.64338712,30,0,variavel_principal_consumo_estadual,variavel_complementar_carga_subsistema
2015-06-01,MG,Sudeste,SUDESTE / CENTRO - OESTE,4318477.641,8600126,SE,0.5021412059544244,Sudeste/Centro-Oeste,32475.56500680867,23382406.80490224,30,0,variavel_principal_consumo_estadual,variavel_complementar_carga_subsistema
2015-06-01,PR,Sul,SUL,2394799.0,4512012,S,0.5307607781184979,Sul,9769.189784721668,7033816.6449996,30,0,variavel_principal_consumo_estadual,variavel_complementar_carga_subsistema
2015-06-01,RJ,Sudeste,SUDESTE / CENTRO - OESTE,3171546.0,7012156,SE,0.45229256166006576,Sudeste/Centro-Oeste,32475.56500680867,23382406.80490224,30,0,variavel_principal_consumo_estadual,variavel_complementar_carga_subsistema
2015-06-01,RS,Sul,SUL,2312310.0,4456287,S,0.51888713630877,Sul,9769.189784721668,7033816.6449996,30,0,variavel_principal_consumo_estadual,variavel_complementar_carga_subsistema
2015-06-01,SP,Sudeste,SUDESTE / CENTRO - OESTE,10386669.0,17754681,SE,0.5850101728102014,Sudeste/Centro-Oeste,32475.56500680867,23382406.80490224,30,0,variavel_principal_consumo_estadual,variavel_complementar_carga_subsistema
2015-07-01,BA,Nordeste,NORDESTE,1895443.29,5687514,NE,0.33326393394372306,Nordeste,9109.736863205484,6777644.22622488,31,0,variavel_principal_consumo_estadual,variavel_complementar_carga_subsistema
2015-07-01,MG,Sudeste,SUDESTE / CENTRO - OESTE,4234924.473,8617843,SE,0.491413509505801,Sudeste/Centro-Oeste,33015.54693414,24563566.91900016,31,0,variavel_principal_consumo_estadual,variavel_complementar_carga_subsistema
2015-07-01,PR,Sul,SUL,2384649.0,4521091,S,0.5274499009199328,Sul,9805.117551533871,7295007.4583412,31,0,variavel_principal_consumo_estadual,variavel_complementar_carga_subsistema
2015-07-01,RJ,Sudeste,SUDESTE / CENTRO - OESTE,3101487.0,7022808,SE,0.44163061271218007,Sudeste/Centro-Oeste,33015.54693414,24563566.91900016,31,0,variavel_principal_consumo_estadual,variavel_complementar_carga_subsistema
2015-07-01,RS,Sul,SUL,2290581.0,4455978,S,0.5140467479866373,Sul,9805.117551533871,7295007.4583412,31,0,variavel_principal_consumo_estadual,variavel_complementar_carga_subsistema
2015-07-01,SP,Sudeste,SUDESTE / CENTRO - OESTE,10315312.0,17716313,SE,0.582249365316587,Sudeste/Centro-Oeste,33015.54693414,24563566.91900016,31,0,variavel_principal_consumo_estadual,variavel_complementar_carga_subsistema
2015-08-01,BA,Nordeste,NORDESTE,1925103.309,5699878,NE,0.3377446515521911,Nordeste,9208.784721474516,6851335.83277704,31,0,variavel_principal_consumo_estadual,variavel_complementar_carga_subsistema
2015-08-01,MG,Sudeste,SUDESTE / CENTRO - OESTE,4403513.165,8634801,SE,0.5099727445948089,Sudeste/Centro-Oeste,33889.70697315258,25213941.98802552,31,0,variavel_principal_consumo_estadual,variavel_complementar_carga_subsistema
2015-08-01,PR,Sul,SUL,2437625.0,4524560,S,0.5387540445921813,Sul,9947.695871101936,7401085.72809984,31,0,variavel_principal_consumo_estadual,variavel_complementar_carga_subsistema
2015-08-01,RJ,Sudeste,SUDESTE / CENTRO - OESTE,3204603.0,7032094,SE,0.45571105846992377,Sudeste/Centro-Oeste,33889.70697315258,25213941.98802552,31,0,variavel_principal_consumo_estadual,variavel_complementar_carga_subsistema
2015-08-01,RS,Sul,SUL,2334154.5,4326318,S,0.5395244871042767,Sul,9947.695871101936,7401085.72809984,31,0,variavel_principal_consumo_estadual,variavel_complementar_carga_subsistema
2015-08-01,SP,Sudeste,SUDESTE / CENTRO - OESTE,10584714.0,17731069,SE,0.5969585928519031,Sudeste/Centro-Oeste,33889.70697315258,25213941.98802552,31,0,variavel_principal_consumo_estadual,variavel_complementar_carga_subsistema
2015-09-01,BA,Nordeste,NORDESTE,1894249.987,5713176,NE,0.33155813631507236,Nordeste,9579.984389503667,6897588.76044264,30,0,variavel_principal_consumo_estadual,variavel_complementar_carga_subsistema
2015-09-01,MG,Sudeste,SUDESTE / CENTRO - OESTE,4433693.193,8649693,SE,0.5125838793353706,Sudeste/Centro-Oeste,35495.76578749967,25556951.36699976,30,0,variavel_principal_consumo_estadual,variavel_complementar_carga_subsistema
2015-09-01,PR,Sul,SUL,2436549.35,4525131,S,0.5384483565227173,Sul,9914.575292288668,7138494.21044784,30,0,variavel_principal_consumo_estadual,variavel_complementar_carga_subsistema
2015-09-01,RJ,Sudeste,SUDESTE / CENTRO - OESTE,3093498.8200000003,7041516,SE,0.4393228418425805,Sudeste/Centro-Oeste,35495.76578749967,25556951.36699976,30,0,variavel_principal_consumo_estadual,variavel_complementar_carga_subsistema
2015-09-01,RS,Sul,SUL,2256526.0,4437894,S,0.508467755201003,Sul,9914.575292288668,7138494.21044784,30,0,variavel_principal_consumo_estadual,variavel_complementar_carga_subsistema
2015-09-01,SP,Sudeste,SUDESTE / CENTRO - OESTE,10513696.0,17783630,SE,0.5912007840918867,Sudeste/Centro-Oeste,35495.76578749967,25556951.36699976,30,0,variavel_principal_consumo_estadual,variavel_complementar_carga_subsistema
2015-10-01,BA,Nordeste,NORDESTE,2011883.059,5729171,NE,0.3511647774171865,Nordeste,9895.76310298613,7362447.74862168,31,0,variavel_principal_consumo_estadual,variavel_complementar_carga_subsistema
2015-10-01,MG,Sudeste,SUDESTE / CENTRO - OESTE,4504864.34,8663815,SE,0.5199631270981663,Sudeste/Centro-Oeste,36630.36318934097,27252990.21286968,31,0,variavel_principal_consumo_estadual,variavel_complementar_carga_subsistema
2015-10-01,PR,Sul,SUL,2482648.64,4537110,S,0.5471872271115313,Sul,10153.15524831129,7553947.5047436,31,0,variavel_principal_consumo_estadual,variavel_complementar_carga_subsistema
2015-10-01,RJ,Sudeste,SUDESTE / CENTRO - OESTE,3330141.0,7050582,SE,0.4723214338901384,Sudeste/Centro-Oeste,36630.36318934097,27252990.21286968,31,0,variavel_principal_consumo_estadual,variavel_complementar_carga_subsistema
2015-10-01,RS,Sul,SUL,2263496.54,4474901,S,0.5058204728998474,Sul,10153.15524831129,7553947.5047436,31,0,variavel_principal_consumo_estadual,variavel_complementar_carga_subsistema
2015-10-01,SP,Sudeste,SUDESTE / CENTRO - OESTE,11042641.6,17836372,SE,0.6191080562796066,Sudeste/Centro-Oeste,36630.36318934097,27252990.21286968,31,0,variavel_principal_consumo_estadual,variavel_complementar_carga_subsistema
2015-11-01,BA,Nordeste,NORDESTE,2012012.3399999999,5740553,NE,0.3504910310905587,Nordeste,10172.925130846666,7324506.0942096,30,0,variavel_principal_consumo_estadual,variavel_complementar_carga_subsistema
2015-11-01,MG,Sudeste,SUDESTE / CENTRO - OESTE,4533535.723999999,8681125,SE,0.522229057178649,Sudeste/Centro-Oeste,36322.045133334,26151872.49600048,30,0,variavel_principal_consumo_estadual,variavel_complementar_carga_subsistema
2015-11-01,PR,Sul,SUL,2495991.64,4542778,S,0.5494416940471227,Sul,10150.427608828333,7308307.8783564,30,0,variavel_principal_consumo_estadual,variavel_complementar_carga_subsistema
2015-11-01,RJ,Sudeste,SUDESTE / CENTRO - OESTE,3398824.38,7055178,SE,0.4817489197295943,Sudeste/Centro-Oeste,36322.045133334,26151872.49600048,30,0,variavel_principal_consumo_estadual,variavel_complementar_carga_subsistema
2015-11-01,RS,Sul,SUL,2288796.5,4477552,S,0.511171394547735,Sul,10150.427608828333,7308307.8783564,30,0,variavel_principal_consumo_estadual,variavel_complementar_carga_subsistema
2015-11-01,SP,Sudeste,SUDESTE / CENTRO - OESTE,11041426.0,17883973,SE,0.6173922315807567,Sudeste/Centro-Oeste,36322.045133334,26151872.49600048,30,0,variavel_principal_consumo_estadual,variavel_complementar_carga_subsistema
2015-12-01,BA,Nordeste,NORDESTE,2089120.577,5755637,NE,0.3629694813971069,Nordeste,10087.1023279,7504804.1319576,31,0,variavel_principal_consumo_estadual,variavel_complementar_carga_subsistema
2015-12-01,MG,Sudeste,SUDESTE / CENTRO - OESTE,4228408.041999999,8669569,SE,0.4877299023746163,Sudeste/Centro-Oeste,36608.281385751936,27236561.35099944,31,0,variavel_principal_consumo_estadual,variavel_complementar_carga_subsistema
2015-12-01,PR,Sul,SUL,2475701.02,4551900,S,0.5438829983083987,Sul,10235.124501750968,7614932.62930272,31,0,variavel_principal_consumo_estadual,variavel_complementar_carga_subsistema
2015-12-01,RJ,Sudeste,SUDESTE / CENTRO - OESTE,3381918.9,7075372,SE,0.4779846063217595,Sudeste/Centro-Oeste,36608.281385751936,27236561.35099944,31,0,variavel_principal_consumo_estadual,variavel_complementar_carga_subsistema
2015-12-01,RS,Sul,SUL,2322857.65,4482507,S,0.5182050245543398,Sul,10235.124501750968,7614932.62930272,31,0,variavel_principal_consumo_estadual,variavel_complementar_carga_subsistema
2015-12-01,SP,Sudeste,SUDESTE / CENTRO - OESTE,10886792.0,17892445,SE,0.6084574802381676,Sudeste/Centro-Oeste,36608.281385751936,27236561.35099944,31,0,variavel_principal_consumo_estadual,variavel_complementar_carga_subsistema
2016-01-01,BA,Nordeste,NORDESTE,2005205.001,5763113,NE,0.34793782474853435,Nordeste,9582.803545468065,7129605.83782824,31,0,variavel_principal_consumo_estadual,variavel_complementar_carga_subsistema
2016-01-01,MG,Sudeste,SUDESTE / CENTRO - OESTE,4301269.0,8713167,SE,0.49365161943986613,Sudeste/Centro-Oeste,36556.050797417425,27197701.79327856,31,0,variavel_principal_consumo_estadual,variavel_complementar_carga_subsistema
2016-01-01,PR,Sul,SUL,2413368.92,4557107,S,0.5295835537765516,Sul,11258.149589462904,8376063.2945604,31,0,variavel_principal_consumo_estadual,variavel_complementar_carga_subsistema
2016-01-01,RJ,Sudeste,SUDESTE / CENTRO - OESTE,3727729.6799999997,7032950,SE,0.5300378475604121,Sudeste/Centro-Oeste,36556.050797417425,27197701.79327856,31,0,variavel_principal_consumo_estadual,variavel_complementar_carga_subsistema
2016-01-01,RS,Sul,SUL,2612238.96,4488187,S,0.5820254280848814,Sul,11258.149589462904,8376063.2945604,31,0,variavel_principal_consumo_estadual,variavel_complementar_carga_subsistema
2016-01-01,SP,Sudeste,SUDESTE / CENTRO - OESTE,10477738.0,18019881,SE,0.5814543392378674,Sudeste/Centro-Oeste,36556.050797417425,27197701.79327856,31,0,variavel_principal_consumo_estadual,variavel_complementar_carga_subsistema
2016-02-01,BA,Nordeste,NORDESTE,1912580.0019999999,5770824,NE,0.33142234141952687,Nordeste,9926.127435918967,6908584.6953996,29,0,variavel_principal_consumo_estadual,variavel_complementar_carga_subsistema
2016-02-01,MG,Sudeste,SUDESTE / CENTRO - OESTE,4340956.0,8722676,SE,0.4976633317573644,Sudeste/Centro-Oeste,39524.43833771379,27509009.0830488,29,0,variavel_principal_consumo_estadual,variavel_complementar_carga_subsistema
2016-02-01,PR,Sul,SUL,2591840.8200000003,4564099,S,0.5678756792961765,Sul,11765.528056234138,8188807.52713896,29,0,variavel_principal_consumo_estadual,variavel_complementar_carga_subsistema
2016-02-01,RJ,Sudeste,SUDESTE / CENTRO - OESTE,3524041.04,7033921,SE,0.5010066277400613,Sudeste/Centro-Oeste,39524.43833771379,27509009.0830488,29,0,variavel_principal_consumo_estadual,variavel_complementar_carga_subsistema
2016-02-01,RS,Sul,SUL,2762022.62,4489197,S,0.6152598382294205,Sul,11765.528056234138,8188807.52713896,29,0,variavel_principal_consumo_estadual,variavel_complementar_carga_subsistema
2016-02-01,SP,Sudeste,SUDESTE / CENTRO - OESTE,10736196.0,18059962,SE,0.5944750049861678,Sudeste/Centro-Oeste,39524.43833771379,27509009.0830488,29,0,variavel_principal_consumo_estadual,variavel_complementar_carga_subsistema
2016-03-01,BA,Nordeste,NORDESTE,2144824.0,5782674,NE,0.37090522481467914,Nordeste,10379.101646506128,7722051.62500056,31,0,variavel_principal_consumo_estadual,variavel_complementar_carga_subsistema
2016-03-01,MG,Sudeste,SUDESTE / CENTRO - OESTE,4303480.0,8715499,SE,0.4937732194106155,Sudeste/Centro-Oeste,38455.00303057484,28610522.25474768,31,0,variavel_principal_consumo_estadual,variavel_complementar_carga_subsistema
2016-03-01,PR,Sul,SUL,2545457.59,4573561,S,0.5565592303240298,Sul,10942.511262684517,8141228.37943728,31,0,variavel_principal_consumo_estadual,variavel_complementar_carga_subsistema
2016-03-01,RJ,Sudeste,SUDESTE / CENTRO - OESTE,3600511.62,7040871,SE,0.5113730417728147,Sudeste/Centro-Oeste,38455.00303057484,28610522.25474768,31,0,variavel_principal_consumo_estadual,variavel_complementar_carga_subsistema
2016-03-01,RS,Sul,SUL,2718245.98,4496009,S,0.6045908671446165,Sul,10942.511262684517,8141228.37943728,31,0,variavel_principal_consumo_estadual,variavel_complementar_carga_subsistema
2016-03-01,SP,Sudeste,SUDESTE / CENTRO - OESTE,10780606.0,17971343,SE,0.5998775940117552,Sudeste/Centro-Oeste,38455.00303057484,28610522.25474768,31,0,variavel_principal_consumo_estadual,variavel_complementar_carga_subsistema
2016-04-01,BA,Nordeste,NORDESTE,2003056.0,5794896,NE,0.34565866238151643,Nordeste,9747.009518055665,7017846.85300008,30,0,variavel_principal_consumo_estadual,variavel_complementar_carga_subsistema
2016-04-01,MG,Sudeste,SUDESTE / CENTRO - OESTE,4667026.0,8754496,SE,0.5331004777430933,Sudeste/Centro-Oeste,37695.702524221335,27140905.81743936,30,0,variavel_principal_consumo_estadual,variavel_complementar_carga_subsistema
2016-04-01,PR,Sul,SUL,2648076.88,4581515,S,0.577991533368329,Sul,11066.527987137,7967900.15073864,30,0,variavel_principal_consumo_estadual,variavel_complementar_carga_subsistema
2016-04-01,RJ,Sudeste,SUDESTE / CENTRO - OESTE,3642531.2,7042330,SE,0.5172338132407882,Sudeste/Centro-Oeste,37695.702524221335,27140905.81743936,30,0,variavel_principal_consumo_estadual,variavel_complementar_carga_subsistema
2016-04-01,RS,Sul,SUL,2597643.13,4499876,S,0.5772699358826776,Sul,11066.527987137,7967900.15073864,30,0,variavel_principal_consumo_estadual,variavel_complementar_carga_subsistema
2016-04-01,SP,Sudeste,SUDESTE / CENTRO - OESTE,11310303.0,18013173,SE,0.6278906553553891,Sudeste/Centro-Oeste,37695.702524221335,27140905.81743936,30,0,variavel_principal_consumo_estadual,variavel_complementar_carga_subsistema
2016-05-01,BA,Nordeste,NORDESTE,2052298.63,5806118,NE,0.35347173963739625,Nordeste,10059.76410672,7484464.49539968,31,0,variavel_principal_consumo_estadual,variavel_complementar_carga_subsistema
2016-05-01,MG,Sudeste,SUDESTE / CENTRO - OESTE,4538198.0,8786156,SE,0.5165168931669322,Sudeste/Centro-Oeste,33979.380880376775,25280659.37500032,31,0,variavel_principal_consumo_estadual,variavel_complementar_carga_subsistema
2016-05-01,PR,Sul,SUL,2487965.48,4587189,S,0.5423725684727618,Sul,9965.467913978388,7414308.12799992,31,0,variavel_principal_consumo_estadual,variavel_complementar_carga_subsistema
2016-05-01,RJ,Sudeste,SUDESTE / CENTRO - OESTE,3327946.16,7053002,SE,0.47184818039183885,Sudeste/Centro-Oeste,33979.380880376775,25280659.37500032,31,0,variavel_principal_consumo_estadual,variavel_complementar_carga_subsistema
2016-05-01,RS,Sul,SUL,2466497.66,4500266,S,0.5480781936001117,Sul,9965.467913978388,7414308.12799992,31,0,variavel_principal_consumo_estadual,variavel_complementar_carga_subsistema
2016-05-01,SP,Sudeste,SUDESTE / CENTRO - OESTE,10579537.0,18035027,SE,0.5866105440263549,Sudeste/Centro-Oeste,33979.380880376775,25280659.37500032,31,0,variavel_principal_consumo_estadual,variavel_complementar_carga_subsistema
2016-06-01,BA,Nordeste,NORDESTE,1988550.847,5818862,NE,0.34174222502613055,Nordeste,9808.769879166668,7062314.313,30,0,variavel_principal_consumo_estadual,variavel_complementar_carga_subsistema
2016-06-01,MG,Sudeste,SUDESTE / CENTRO - OESTE,4641623.0,8800900,SE,0.5274032201252145,Sudeste/Centro-Oeste,33271.71149583433,23955632.27700072,30,0,variavel_principal_consumo_estadual,variavel_complementar_carga_subsistema
2016-06-01,PR,Sul,SUL,2395877.1,4591670,S,0.5217877373591744,Sul,10614.518765277,7642453.51099944,30,0,variavel_principal_consumo_estadual,variavel_complementar_carga_subsistema
2016-06-01,RJ,Sudeste,SUDESTE / CENTRO - OESTE,3024187.86,7057398,SE,0.4285131517309921,Sudeste/Centro-Oeste,33271.71149583433,23955632.27700072,30,0,variavel_principal_consumo_estadual,variavel_complementar_carga_subsistema
2016-06-01,RS,Sul,SUL,2410183.81,4501205,S,0.5354530198024752,Sul,10614.518765277,7642453.51099944,30,0,variavel_principal_consumo_estadual,variavel_complementar_carga_subsistema
2016-06-01,SP,Sudeste,SUDESTE / CENTRO - OESTE,10231620.0,18063583,SE,0.5664225087569836,Sudeste/Centro-Oeste,33271.71149583433,23955632.27700072,30,0,variavel_principal_consumo_estadual,variavel_complementar_carga_subsistema
2016-07-01,BA,Nordeste,NORDESTE,1897585.846,5825881,NE,0.3257165475916861,Nordeste,9553.558733870968,7107847.698,31,0,variavel_principal_consumo_estadual,variavel_complementar_carga_subsistema
2016-07-01,MG,Sudeste,SUDESTE / CENTRO - OESTE,4402989.0,8815426,SE,0.4994641211893787,Sudeste/Centro-Oeste,33182.59846639774,24687853.258999918,31,0,variavel_principal_consumo_estadual,variavel_complementar_carga_subsistema
2016-07-01,PR,Sul,SUL,2393107.0,4594441,S,0.5208701123814627,Sul,10130.529838709033,7537114.19999952,31,0,variavel_principal_consumo_estadual,variavel_complementar_carga_subsistema
2016-07-01,RJ,Sudeste,SUDESTE / CENTRO - OESTE,2930817.38,7057256,SE,0.41529135119938965,Sudeste/Centro-Oeste,33182.59846639774,24687853.258999918,31,0,variavel_principal_consumo_estadual,variavel_complementar_carga_subsistema
2016-07-01,RS,Sul,SUL,2416272.89,4502709,S,0.5366264819689658,Sul,10130.529838709033,7537114.19999952,31,0,variavel_principal_consumo_estadual,variavel_complementar_carga_subsistema
2016-07-01,SP,Sudeste,SUDESTE / CENTRO - OESTE,10296693.0,18112019,SE,0.5685005630791354,Sudeste/Centro-Oeste,33182.59846639774,24687853.258999918,31,0,variavel_principal_consumo_estadual,variavel_complementar_carga_subsistema
2016-08-01,BA,Nordeste,NORDESTE,1939835.0,5835558,NE,0.3324163687517115,Nordeste,9669.979807660644,7194464.9768995205,31,0,variavel_principal_consumo_estadual,variavel_complementar_carga_subsistema
2016-08-01,MG,Sudeste,SUDESTE / CENTRO - OESTE,4549837.0,8818464,SE,0.5159443866868425,Sudeste/Centro-Oeste,34310.10867755451,25526720.85610056,31,0,variavel_principal_consumo_estadual,variavel_complementar_carga_subsistema
2016-08-01,PR,Sul,SUL,2384019.8,4597473,S,0.518550038249273,Sul,10268.235754032903,7639567.40100048,31,0,variavel_principal_consumo_estadual,variavel_complementar_carga_subsistema
2016-08-01,RJ,Sudeste,SUDESTE / CENTRO - OESTE,3091408.76,7058868,SE,0.4379468152683971,Sudeste/Centro-Oeste,34310.10867755451,25526720.85610056,31,0,variavel_principal_consumo_estadual,variavel_complementar_carga_subsistema
2016-08-01,RS,Sul,SUL,2367043.76,4507214,S,0.5251678220736801,Sul,10268.235754032903,7639567.40100048,31,0,variavel_principal_consumo_estadual,variavel_complementar_carga_subsistema
2016-08-01,SP,Sudeste,SUDESTE / CENTRO - OESTE,10309737.0,18154569,SE,0.5678866295311115,Sudeste/Centro-Oeste,34310.10867755451,25526720.85610056,31,0,variavel_principal_consumo_estadual,variavel_complementar_carga_subsistema
2016-09-01,BA,Nordeste,NORDESTE,1955652.0,5840451,NE,0.33484605897729475,Nordeste,9897.171191666333,7125963.25799976,30,0,variavel_principal_consumo_estadual,variavel_complementar_carga_subsistema
2016-09-01,MG,Sudeste,SUDESTE / CENTRO - OESTE,4715825.0,8828597,SE,0.5341533881317723,Sudeste/Centro-Oeste,34770.657047222,25034873.07399984,30,0,variavel_principal_consumo_estadual,variavel_complementar_carga_subsistema
2016-09-01,PR,Sul,SUL,2384015.4,4600234,S,0.5182378548569485,Sul,10086.561736110334,7262324.44999944,30,0,variavel_principal_consumo_estadual,variavel_complementar_carga_subsistema
2016-09-01,RJ,Sudeste,SUDESTE / CENTRO - OESTE,3153057.0,7085522,SE,0.44499995907146994,Sudeste/Centro-Oeste,34770.657047222,25034873.07399984,30,0,variavel_principal_consumo_estadual,variavel_complementar_carga_subsistema
2016-09-01,RS,Sul,SUL,2332865.25,4510618,S,0.5171941516661354,Sul,10086.561736110334,7262324.44999944,30,0,variavel_principal_consumo_estadual,variavel_complementar_carga_subsistema
2016-09-01,SP,Sudeste,SUDESTE / CENTRO - OESTE,10572897.0,18141652,SE,0.5827968147553486,Sudeste/Centro-Oeste,34770.657047222,25034873.07399984,30,0,variavel_principal_consumo_estadual,variavel_complementar_carga_subsistema
2016-10-01,BA,Nordeste,NORDESTE,1989559.0,5842036,NE,0.34055918176471356,Nordeste,10173.707556685806,7569238.4221742395,31,0,variavel_principal_consumo_estadual,variavel_complementar_carga_subsistema
2016-10-01,MG,Sudeste,SUDESTE / CENTRO - OESTE,4618801.0,8801474,SE,0.5247758500451174,Sudeste/Centro-Oeste,35149.63238405839,26151326.49373944,31,0,variavel_principal_consumo_estadual,variavel_complementar_carga_subsistema
2016-10-01,PR,Sul,SUL,2371816.59,4606476,S,0.5148874302178064,Sul,10209.840076980645,7596121.0172736,31,0,variavel_principal_consumo_estadual,variavel_complementar_carga_subsistema
2016-10-01,RJ,Sudeste,SUDESTE / CENTRO - OESTE,3235420.9,7096806,SE,0.4558981744745453,Sudeste/Centro-Oeste,35149.63238405839,26151326.49373944,31,0,variavel_principal_consumo_estadual,variavel_complementar_carga_subsistema
2016-10-01,RS,Sul,SUL,2249645.74,4512149,S,0.4985752332203569,Sul,10209.840076980645,7596121.0172736,31,0,variavel_principal_consumo_estadual,variavel_complementar_carga_subsistema
2016-10-01,SP,Sudeste,SUDESTE / CENTRO - OESTE,10486686.0,18150451,SE,0.5777644864031203,Sudeste/Centro-Oeste,35149.63238405839,26151326.49373944,31,0,variavel_principal_consumo_estadual,variavel_complementar_carga_subsistema
2016-11-01,BA,Nordeste,NORDESTE,2012128.0,5844755,NE,0.34426216325577375,Nordeste,10214.075152638667,7354134.10989984,30,0,variavel_principal_consumo_estadual,variavel_complementar_carga_subsistema
2016-11-01,MG,Sudeste,SUDESTE / CENTRO - OESTE,4619249.0,8847650,SE,0.5220876729979147,Sudeste/Centro-Oeste,34743.506672222335,25015324.80400008,30,0,variavel_principal_consumo_estadual,variavel_complementar_carga_subsistema
2016-11-01,PR,Sul,SUL,2489038.4280000003,4610560,S,0.5398559888603555,Sul,10780.675443889333,7762086.31960032,30,0,variavel_principal_consumo_estadual,variavel_complementar_carga_subsistema
2016-11-01,RJ,Sudeste,SUDESTE / CENTRO - OESTE,3262119.46,7106615,SE,0.45902577528119926,Sudeste/Centro-Oeste,34743.506672222335,25015324.80400008,30,0,variavel_principal_consumo_estadual,variavel_complementar_carga_subsistema
2016-11-01,RS,Sul,SUL,2305684.68,4513975,S,0.5107880925348501,Sul,10780.675443889333,7762086.31960032,30,0,variavel_principal_consumo_estadual,variavel_complementar_carga_subsistema
2016-11-01,SP,Sudeste,SUDESTE / CENTRO - OESTE,10687240.0,18211034,SE,0.5868551999848004,Sudeste/Centro-Oeste,34743.506672222335,25015324.80400008,30,0,variavel_principal_consumo_estadual,variavel_complementar_carga_subsistema
2016-12-01,BA,Nordeste,NORDESTE,2044138.909,5855452,NE,0.3491001051669453,Nordeste,10214.778135752582,7599794.93299992,31,0,variavel_principal_consumo_estadual,variavel_complementar_carga_subsistema
2016-12-01,MG,Sudeste,SUDESTE / CENTRO - OESTE,4402963.0,8852395,SE,0.49737534305687897,Sudeste/Centro-Oeste,35760.8785026871,26606093.6059992,31,0,variavel_principal_consumo_estadual,variavel_complementar_carga_subsistema
2016-12-01,PR,Sul,SUL,2493792.793,4615594,S,0.5402972603309564,Sul,11188.526189112259,8324263.48469952,31,0,variavel_principal_consumo_estadual,variavel_complementar_carga_subsistema
2016-12-01,RJ,Sudeste,SUDESTE / CENTRO - OESTE,3369976.88,7133748,SE,0.4723992044574605,Sudeste/Centro-Oeste,35760.8785026871,26606093.6059992,31,0,variavel_principal_consumo_estadual,variavel_complementar_carga_subsistema
2016-12-01,RS,Sul,SUL,2583953.19,4536890,S,0.5695428344085927,Sul,11188.526189112259,8324263.48469952,31,0,variavel_principal_consumo_estadual,variavel_complementar_carga_subsistema
2016-12-01,SP,Sudeste,SUDESTE / CENTRO - OESTE,10701418.0,18215874,SE,0.587477603325539,Sudeste/Centro-Oeste,35760.8785026871,26606093.6059992,31,0,variavel_principal_consumo_estadual,variavel_complementar_carga_subsistema
2017-01-01,BA,Nordeste,NORDESTE,2080947.866,5862062,NE,0.3549856460064735,Nordeste,10502.294361559032,7813707.00499992,31,0,variavel_principal_consumo_estadual,variavel_complementar_carga_subsistema
2017-01-01,MG,Sudeste,SUDESTE / CENTRO - OESTE,4444518.54,8868024,SE,0.5011847667529993,Sudeste/Centro-Oeste,38977.415793010965,28999197.35000016,31,0,variavel_principal_consumo_estadual,variavel_complementar_carga_subsistema
2017-01-01,PR,Sul,SUL,2517644.2,4622161,S,0.5446898539449405,Sul,11900.663075403227,8854093.3281,31,0,variavel_principal_consumo_estadual,variavel_complementar_carga_subsistema
2017-01-01,RJ,Sudeste,SUDESTE / CENTRO - OESTE,3708164.7199999997,7128892,SE,0.5201600360897598,Sudeste/Centro-Oeste,38977.415793010965,28999197.35000016,31,0,variavel_principal_consumo_estadual,variavel_complementar_carga_subsistema
2017-01-01,RS,Sul,SUL,2712978.82,4538909,S,0.5977160634857407,Sul,11900.663075403227,8854093.3281,31,0,variavel_principal_consumo_estadual,variavel_complementar_carga_subsistema
2017-01-01,SP,Sudeste,SUDESTE / CENTRO - OESTE,10670245.0,18232869,SE,0.5852202963779315,Sudeste/Centro-Oeste,38977.415793010965,28999197.35000016,31,0,variavel_principal_consumo_estadual,variavel_complementar_carga_subsistema
2017-02-01,BA,Nordeste,NORDESTE,1927898.0,5868235,NE,0.3285311511894122,Nordeste,10535.212052948214,7079662.4995812,28,0,variavel_principal_consumo_estadual,variavel_complementar_carga_subsistema
2017-02-01,MG,Sudeste,SUDESTE / CENTRO - OESTE,4528533.42,8870168,SE,0.5105352480358883,Sudeste/Centro-Oeste,40063.09926785714,26922402.708,28,0,variavel_principal_consumo_estadual,variavel_complementar_carga_subsistema
2017-02-01,PR,Sul,SUL,2621158.57,4626207,S,0.5665891236600523,Sul,12529.683537053215,8419947.336899761,28,0,variavel_principal_consumo_estadual,variavel_complementar_carga_subsistema
2017-02-01,RJ,Sudeste,SUDESTE / CENTRO - OESTE,3587150.7199999997,7103355,SE,0.5049938683903592,Sudeste/Centro-Oeste,40063.09926785714,26922402.708,28,0,variavel_principal_consumo_estadual,variavel_complementar_carga_subsistema
2017-02-01,RS,Sul,SUL,2732254.24,4536517,S,0.6022801722114125,Sul,12529.683537053215,8419947.336899761,28,0,variavel_principal_consumo_estadual,variavel_complementar_carga_subsistema
2017-02-01,SP,Sudeste,SUDESTE / CENTRO - OESTE,10623763.0,18334036,SE,0.5794557728587421,Sudeste/Centro-Oeste,40063.09926785714,26922402.708,28,0,variavel_principal_consumo_estadual,variavel_complementar_carga_subsistema
2017-03-01,BA,Nordeste,NORDESTE,2103181.251,5870453,NE,0.3582655803564052,Nordeste,10768.35364784871,8011655.11399944,31,0,variavel_principal_consumo_estadual,variavel_complementar_carga_subsistema
2017-03-01,MG,Sudeste,SUDESTE / CENTRO - OESTE,4444534.720000001,8893216,SE,0.49976686948793336,Sudeste/Centro-Oeste,39435.9515040329,29340347.91900048,31,0,variavel_principal_consumo_estadual,variavel_complementar_carga_subsistema
2017-03-01,PR,Sul,SUL,2705931.56,4639564,S,0.583229708653658,Sul,11668.02529704258,8681010.82099968,31,0,variavel_principal_consumo_estadual,variavel_complementar_carga_subsistema
2017-03-01,RJ,Sudeste,SUDESTE / CENTRO - OESTE,3797915.24,7133772,SE,0.532385285091814,Sudeste/Centro-Oeste,39435.9515040329,29340347.91900048,31,0,variavel_principal_consumo_estadual,variavel_complementar_carga_subsistema
2017-03-01,RS,Sul,SUL,2886028.74,4554304,S,0.6336925993521733,Sul,11668.02529704258,8681010.82099968,31,0,variavel_principal_consumo_estadual,variavel_complementar_carga_subsistema
2017-03-01,SP,Sudeste,SUDESTE / CENTRO - OESTE,11056750.0,18314222,SE,0.6037247992298007,Sudeste/Centro-Oeste,39435.9515040329,29340347.91900048,31,0,variavel_principal_consumo_estadual,variavel_complementar_carga_subsistema
2017-04-01,BA,Nordeste,NORDESTE,2018858.278,5875934,NE,0.3435808295328028,Nordeste,10364.334584721666,7462320.9009996,30,0,variavel_principal_consumo_estadual,variavel_complementar_carga_subsistema
2017-04-01,MG,Sudeste,SUDESTE / CENTRO - OESTE,4645865.92,8901138,SE,0.5219406687100009,Sudeste/Centro-Oeste,35806.006324999995,25780324.554,30,0,variavel_principal_consumo_estadual,variavel_complementar_carga_subsistema
2017-04-01,PR,Sul,SUL,2685501.42,4642532,S,0.5784562001942044,Sul,10432.531325000333,7511422.55400024,30,0,variavel_principal_consumo_estadual,variavel_complementar_carga_subsistema
2017-04-01,RJ,Sudeste,SUDESTE / CENTRO - OESTE,3285943.4,7131834,SE,0.4607431132020179,Sudeste/Centro-Oeste,35806.006324999995,25780324.554,30,0,variavel_principal_consumo_estadual,variavel_complementar_carga_subsistema
2017-04-01,RS,Sul,SUL,2603220.44,4552275,S,0.5718504352219494,Sul,10432.531325000333,7511422.55400024,30,0,variavel_principal_consumo_estadual,variavel_complementar_carga_subsistema
2017-04-01,SP,Sudeste,SUDESTE / CENTRO - OESTE,11097089.0,18307357,SE,0.6061546186049684,Sudeste/Centro-Oeste,35806.006324999995,25780324.554,30,0,variavel_principal_consumo_estadual,variavel_complementar_carga_subsistema
2017-05-01,BA,Nordeste,NORDESTE,2065445.918,5882818,NE,0.3510980482483055,Nordeste,10271.392565860322,7641916.06900008,31,0,variavel_principal_consumo_estadual,variavel_complementar_carga_subsistema
2017-05-01,MG,Sudeste,SUDESTE / CENTRO - OESTE,4420911.0,8908489,SE,0.49625823189544266,Sudeste/Centro-Oeste,34414.13596760775,25604117.15990016,31,0,variavel_principal_consumo_estadual,variavel_complementar_carga_subsistema
2017-05-01,PR,Sul,SUL,2449021.05,4648363,S,0.5268566697566434,Sul,10260.224654569678,7633607.14299984,31,0,variavel_principal_consumo_estadual,variavel_complementar_carga_subsistema
2017-05-01,RJ,Sudeste,SUDESTE / CENTRO - OESTE,3134241.02,7140522,SE,0.4389372401625539,Sudeste/Centro-Oeste,34414.13596760775,25604117.15990016,31,0,variavel_principal_consumo_estadual,variavel_complementar_carga_subsistema
2017-05-01,RS,Sul,SUL,2379274.07,4567561,S,0.520906906333599,Sul,10260.224654569678,7633607.14299984,31,0,variavel_principal_consumo_estadual,variavel_complementar_carga_subsistema
2017-05-01,SP,Sudeste,SUDESTE / CENTRO - OESTE,10518038.0,18371731,SE,0.5725120839184942,Sudeste/Centro-Oeste,34414.13596760775,25604117.15990016,31,0,variavel_principal_consumo_estadual,variavel_complementar_carga_subsistema
2017-06-01,BA,Nordeste,NORDESTE,2039101.952,5885983,NE,0.3464335442355168,Nordeste,9900.801020833,7128576.73499976,30,0,variavel_principal_consumo_estadual,variavel_complementar_carga_subsistema
2017-06-01,MG,Sudeste,SUDESTE / CENTRO - OESTE,4550751.029999999,8921947,SE,0.5100625491274493,Sudeste/Centro-Oeste,33858.782855555335,24378323.65599984,30,0,variavel_principal_consumo_estadual,variavel_complementar_carga_subsistema
2017-06-01,PR,Sul,SUL,2484284.8,4654345,S,0.5337560494548642,Sul,10338.187906945,7443495.2930004,30,0,variavel_principal_consumo_estadual,variavel_complementar_carga_subsistema
2017-06-01,RJ,Sudeste,SUDESTE / CENTRO - OESTE,2966468.0,7136741,SE,0.4156614342596992,Sudeste/Centro-Oeste,33858.782855555335,24378323.65599984,30,0,variavel_principal_consumo_estadual,variavel_complementar_carga_subsistema
2017-06-01,RS,Sul,SUL,2398719.65,4570017,S,0.5248819971566845,Sul,10338.187906945,7443495.2930004,30,0,variavel_principal_consumo_estadual,variavel_complementar_carga_subsistema
2017-06-01,SP,Sudeste,SUDESTE / CENTRO - OESTE,10549509.24,18385935,SE,0.5737814932990898,Sudeste/Centro-Oeste,33858.782855555335,24378323.65599984,30,0,variavel_principal_consumo_estadual,variavel_complementar_carga_subsistema
2017-07-01,BA,Nordeste,NORDESTE,1977196.666,5885785,NE,0.33592743635725736,Nordeste,9408.810325268387,7000154.88199968,31,0,variavel_principal_consumo_estadual,variavel_complementar_carga_subsistema
2017-07-01,MG,Sudeste,SUDESTE / CENTRO - OESTE,4352092.0,8923285,SE,0.4877230750782924,Sudeste/Centro-Oeste,32552.037575269354,24218715.956000403,31,0,variavel_principal_consumo_estadual,variavel_complementar_carga_subsistema
2017-07-01,PR,Sul,SUL,2443806.87,4661398,S,0.5242647956685956,Sul,10483.78341397871,7799934.86000016,31,0,variavel_principal_consumo_estadual,variavel_complementar_carga_subsistema
2017-07-01,RJ,Sudeste,SUDESTE / CENTRO - OESTE,2870511.46,7154079,SE,0.4012412303526422,Sudeste/Centro-Oeste,32552.037575269354,24218715.956000403,31,0,variavel_principal_consumo_estadual,variavel_complementar_carga_subsistema
2017-07-01,RS,Sul,SUL,2395691.48,4577225,S,0.5233938641862701,Sul,10483.78341397871,7799934.86000016,31,0,variavel_principal_consumo_estadual,variavel_complementar_carga_subsistema
2017-07-01,SP,Sudeste,SUDESTE / CENTRO - OESTE,10436004.0,18408178,SE,0.5669221581842592,Sudeste/Centro-Oeste,32552.037575269354,24218715.956000403,31,0,variavel_principal_consumo_estadual,variavel_complementar_carga_subsistema
2017-08-01,BA,Nordeste,NORDESTE,1980862.494,5894154,NE,0.33607240224805796,Nordeste,9772.246153091291,7270551.13789992,31,0,variavel_principal_consumo_estadual,variavel_complementar_carga_subsistema
2017-08-01,MG,Sudeste,SUDESTE / CENTRO - OESTE,4487171.26,8938290,SE,0.5020167459323875,Sudeste/Centro-Oeste,33822.72176344065,25164104.99199984,31,0,variavel_principal_consumo_estadual,variavel_complementar_carga_subsistema
2017-08-01,PR,Sul,SUL,2525365.0,4670649,S,0.5406882426831903,Sul,10610.790693548708,7894428.27600024,31,0,variavel_principal_consumo_estadual,variavel_complementar_carga_subsistema
2017-08-01,RJ,Sudeste,SUDESTE / CENTRO - OESTE,2927038.07,7194059,SE,0.40686878853787545,Sudeste/Centro-Oeste,33822.72176344065,25164104.99199984,31,0,variavel_principal_consumo_estadual,variavel_complementar_carga_subsistema
2017-08-01,RS,Sul,SUL,2389707.95,4582320,S,0.5215061257179769,Sul,10610.790693548708,7894428.27600024,31,0,variavel_principal_consumo_estadual,variavel_complementar_carga_subsistema
2017-08-01,SP,Sudeste,SUDESTE / CENTRO - OESTE,10318003.76,18441631,SE,0.5594951856481675,Sudeste/Centro-Oeste,33822.72176344065,25164104.99199984,31,0,variavel_principal_consumo_estadual,variavel_complementar_carga_subsistema
2017-09-01,BA,Nordeste,NORDESTE,1928948.585,5898134,NE,0.3270438726892268,Nordeste,9701.747136111333,6985257.93800016,30,0,variavel_principal_consumo_estadual,variavel_complementar_carga_subsistema
2017-09-01,MG,Sudeste,SUDESTE / CENTRO - OESTE,4585258.890000001,8936676,SE,0.5130832638444093,Sudeste/Centro-Oeste,35533.974548334,25584461.674800478,30,0,variavel_principal_consumo_estadual,variavel_complementar_carga_subsistema
2017-09-01,PR,Sul,SUL,2577527.0,4678056,S,0.5509825021333647,Sul,10793.343718055667,7771207.47700008,30,0,variavel_principal_consumo_estadual,variavel_complementar_carga_subsistema
2017-09-01,RJ,Sudeste,SUDESTE / CENTRO - OESTE,2866071.0,7189249,SE,0.39866069460106335,Sudeste/Centro-Oeste,35533.974548334,25584461.674800478,30,0,variavel_principal_consumo_estadual,variavel_complementar_carga_subsistema
2017-09-01,RS,Sul,SUL,2433882.1799999997,4589315,S,0.5303367016646274,Sul,10793.343718055667,7771207.47700008,30,0,variavel_principal_consumo_estadual,variavel_complementar_carga_subsistema
2017-09-01,SP,Sudeste,SUDESTE / CENTRO - OESTE,11114087.0,18458937,SE,0.6020978889521102,Sudeste/Centro-Oeste,35533.974548334,25584461.674800478,30,0,variavel_principal_consumo_estadual,variavel_complementar_carga_subsistema
2017-10-01,BA,Nordeste,NORDESTE,2104313.8370000003,5904927,NE,0.3563657665878004,Nordeste,10229.790733169679,7610964.30547824,31,0,variavel_principal_consumo_estadual,variavel_complementar_carga_subsistema
2017-10-01,MG,Sudeste,SUDESTE / CENTRO - OESTE,4461929.27,8934057,SE,0.4994292369077116,Sudeste/Centro-Oeste,36599.19437523419,27229800.61517424,31,0,variavel_principal_consumo_estadual,variavel_complementar_carga_subsistema
2017-10-01,PR,Sul,SUL,2567293.0,4683953,S,0.5481039199155072,Sul,10469.671648842905,7789435.70673912,31,0,variavel_principal_consumo_estadual,variavel_complementar_carga_subsistema
2017-10-01,RJ,Sudeste,SUDESTE / CENTRO - OESTE,3185710.04,7150859,SE,0.4455003294009853,Sudeste/Centro-Oeste,36599.19437523419,27229800.61517424,31,0,variavel_principal_consumo_estadual,variavel_complementar_carga_subsistema
2017-10-01,RS,Sul,SUL,2359202.21,4596993,S,0.5132055258731087,Sul,10469.671648842905,7789435.70673912,31,0,variavel_principal_consumo_estadual,variavel_complementar_carga_subsistema
2017-10-01,SP,Sudeste,SUDESTE / CENTRO - OESTE,10974953.0,18495768,SE,0.5933764415730128,Sudeste/Centro-Oeste,36599.19437523419,27229800.61517424,31,0,variavel_principal_consumo_estadual,variavel_complementar_carga_subsistema
2017-11-01,BA,Nordeste,NORDESTE,2050618.0,5910450,NE,0.3469478635298497,Nordeste,10371.392630555667,7467402.69400008,30,0,variavel_principal_consumo_estadual,variavel_complementar_carga_subsistema
2017-11-01,MG,Sudeste,SUDESTE / CENTRO - OESTE,4759310.05,8946611,SE,0.531967920590266,Sudeste/Centro-Oeste,35812.94646666734,25785321.45600048,30,0,variavel_principal_consumo_estadual,variavel_complementar_carga_subsistema
2017-11-01,PR,Sul,SUL,2553567.0,4693730,S,0.5440378973652085,Sul,10811.512265277668,7784288.83099992,30,0,variavel_principal_consumo_estadual,variavel_complementar_carga_subsistema
2017-11-01,RJ,Sudeste,SUDESTE / CENTRO - OESTE,3215200.0,7237205,SE,0.4442599042033492,Sudeste/Centro-Oeste,35812.94646666734,25785321.45600048,30,0,variavel_principal_consumo_estadual,variavel_complementar_carga_subsistema
2017-11-01,RS,Sul,SUL,2389456.54,4607628,S,0.518587121182526,Sul,10811.512265277668,7784288.83099992,30,0,variavel_principal_consumo_estadual,variavel_complementar_carga_subsistema
2017-11-01,SP,Sudeste,SUDESTE / CENTRO - OESTE,11103566.0,18548208,SE,0.5986328167119972,Sudeste/Centro-Oeste,35812.94646666734,25785321.45600048,30,0,variavel_principal_consumo_estadual,variavel_complementar_carga_subsistema
2017-12-01,BA,Nordeste,NORDESTE,2054081.072,5919837,NE,0.34698270780090734,Nordeste,10462.241344039354,7783907.55996528,31,0,variavel_principal_consumo_estadual,variavel_complementar_carga_subsistema
2017-12-01,MG,Sudeste,SUDESTE / CENTRO - OESTE,4459524.720000001,8955490,SE,0.49796546252633866,Sudeste/Centro-Oeste,36736.47460262032,27331937.10434952,31,0,variavel_principal_consumo_estadual,variavel_complementar_carga_subsistema
2017-12-01,PR,Sul,SUL,2594442.0,4699812,S,0.5520310174109092,Sul,11376.120185484517,8463833.41800048,31,0,variavel_principal_consumo_estadual,variavel_complementar_carga_subsistema
2017-12-01,RJ,Sudeste,SUDESTE / CENTRO - OESTE,3337756.38,7329971,SE,0.4553573786308295,Sudeste/Centro-Oeste,36736.47460262032,27331937.10434952,31,0,variavel_principal_consumo_estadual,variavel_complementar_carga_subsistema
2017-12-01,RS,Sul,SUL,2560483.49,4653725,S,0.5502008584521002,Sul,11376.120185484517,8463833.41800048,31,0,variavel_principal_consumo_estadual,variavel_complementar_carga_subsistema
2017-12-01,SP,Sudeste,SUDESTE / CENTRO - OESTE,11145069.0,18577400,SE,0.5999262006524057,Sudeste/Centro-Oeste,36736.47460262032,27331937.10434952,31,0,variavel_principal_consumo_estadual,variavel_complementar_carga_subsistema
2018-01-01,BA,Nordeste,NORDESTE,2094036.8569999998,5925208,NE,0.35341153542626685,Nordeste,10540.964911289355,7842477.89399928,31,0,variavel_principal_consumo_estadual,variavel_complementar_carga_subsistema
2018-01-01,MG,Sudeste,SUDESTE / CENTRO - OESTE,4716736.561,8964009,SE,0.5261860581576837,Sudeste/Centro-Oeste,39014.78031720484,29026996.5560004,31,0,variavel_principal_consumo_estadual,variavel_complementar_carga_subsistema
2018-01-01,PR,Sul,SUL,2597856.9450000003,4708100,S,0.5517845723327882,Sul,11694.574129032258,8700763.152,31,0,variavel_principal_consumo_estadual,variavel_complementar_carga_subsistema
2018-01-01,RJ,Sudeste,SUDESTE / CENTRO - OESTE,3614646.431,7190834,SE,0.5026741586580916,Sudeste/Centro-Oeste,39014.78031720484,29026996.5560004,31,0,variavel_principal_consumo_estadual,variavel_complementar_carga_subsistema
2018-01-01,RS,Sul,SUL,2830644.407,4655536,S,0.6080168657271687,Sul,11694.574129032258,8700763.152,31,0,variavel_principal_consumo_estadual,variavel_complementar_carga_subsistema
2018-01-01,SP,Sudeste,SUDESTE / CENTRO - OESTE,10882701.293,18629158,SE,0.5841756934478735,Sudeste/Centro-Oeste,39014.78031720484,29026996.5560004,31,0,variavel_principal_consumo_estadual,variavel_complementar_carga_subsistema
2018-02-01,BA,Nordeste,NORDESTE,2000892.385,5932609,NE,0.33727022714626903,Nordeste,10360.760217261428,6962430.86599968,28,0,variavel_principal_consumo_estadual,variavel_complementar_carga_subsistema
2018-02-01,MG,Sudeste,SUDESTE / CENTRO - OESTE,4551117.417,8967512,SE,0.5075117175198651,Sudeste/Centro-Oeste,38538.906761905004,25898145.34400016,28,0,variavel_principal_consumo_estadual,variavel_complementar_carga_subsistema
2018-02-01,PR,Sul,SUL,2641400.336,4710291,S,0.5607722189563236,Sul,12090.0444866075,8124509.89500024,28,0,variavel_principal_consumo_estadual,variavel_complementar_carga_subsistema
2018-02-01,RJ,Sudeste,SUDESTE / CENTRO - OESTE,3368689.098,7178292,SE,0.46928839033017883,Sudeste/Centro-Oeste,38538.906761905004,25898145.34400016,28,0,variavel_principal_consumo_estadual,variavel_complementar_carga_subsistema
2018-02-01,RS,Sul,SUL,2751006.611,4684372,S,0.5872733017360705,Sul,12090.0444866075,8124509.89500024,28,0,variavel_principal_consumo_estadual,variavel_complementar_carga_subsistema
2018-02-01,SP,Sudeste,SUDESTE / CENTRO - OESTE,10931881.407,18663622,SE,0.5857320410261202,Sudeste/Centro-Oeste,38538.906761905004,25898145.34400016,28,0,variavel_principal_consumo_estadual,variavel_complementar_carga_subsistema
2018-03-01,BA,Nordeste,NORDESTE,2075772.4160000002,5942827,NE,0.3492903993335159,Nordeste,10573.49497043,7866680.25799992,31,0,variavel_principal_consumo_estadual,variavel_complementar_carga_subsistema
2018-03-01,MG,Sudeste,SUDESTE / CENTRO - OESTE,4688540.473,8976343,SE,0.5223218935595487,Sudeste/Centro-Oeste,40027.981235215484,29780818.03900032,31,0,variavel_principal_consumo_estadual,variavel_complementar_carga_subsistema
2018-03-01,PR,Sul,SUL,2773964.593,4719819,S,0.5877269007561519,Sul,11891.158577956774,8847021.98199984,31,0,variavel_principal_consumo_estadual,variavel_complementar_carga_subsistema
2018-03-01,RJ,Sudeste,SUDESTE / CENTRO - OESTE,3739433.1520000002,7236323,SE,0.5167587394868913,Sudeste/Centro-Oeste,40027.981235215484,29780818.03900032,31,0,variavel_principal_consumo_estadual,variavel_complementar_carga_subsistema
2018-03-01,RS,Sul,SUL,2815808.831,4695526,S,0.5996791053867021,Sul,11891.158577956774,8847021.98199984,31,0,variavel_principal_consumo_estadual,variavel_complementar_carga_subsistema
2018-03-01,SP,Sudeste,SUDESTE / CENTRO - OESTE,11487908.569,18706812,SE,0.6141029572008314,Sudeste/Centro-Oeste,40027.981235215484,29780818.03900032,31,0,variavel_principal_consumo_estadual,variavel_complementar_carga_subsistema
2018-04-01,BA,Nordeste,NORDESTE,2098355.6999999997,5954823,NE,0.3523791891043612,Nordeste,10367.044936111333,7464272.3540001605,30,0,variavel_principal_consumo_estadual,variavel_complementar_carga_subsistema
2018-04-01,MG,Sudeste,SUDESTE / CENTRO - OESTE,4771307.976,8990164,SE,0.5307253545096619,Sudeste/Centro-Oeste,36675.95145138967,26406685.04500056,30,0,variavel_principal_consumo_estadual,variavel_complementar_carga_subsistema
2018-04-01,PR,Sul,SUL,2800067.5640000002,4730372,S,0.5919339037183545,Sul,11543.850515269332,8311572.37099392,30,0,variavel_principal_consumo_estadual,variavel_complementar_carga_subsistema
2018-04-01,RJ,Sudeste,SUDESTE / CENTRO - OESTE,3625511.75,7235868,SE,0.501047248236148,Sudeste/Centro-Oeste,36675.95145138967,26406685.04500056,30,0,variavel_principal_consumo_estadual,variavel_complementar_carga_subsistema
2018-04-01,RS,Sul,SUL,2604431.199,4689170,S,0.5554141135851334,Sul,11543.850515269332,8311572.37099392,30,0,variavel_principal_consumo_estadual,variavel_complementar_carga_subsistema
2018-04-01,SP,Sudeste,SUDESTE / CENTRO - OESTE,11492422.732,18756726,SE,0.6127094212497427,Sudeste/Centro-Oeste,36675.95145138967,26406685.04500056,30,0,variavel_principal_consumo_estadual,variavel_complementar_carga_subsistema
2018-05-01,BA,Nordeste,NORDESTE,2100432.789,5963551,NE,0.3522117592353951,Nordeste,10193.687606182903,7584103.57900008,31,0,variavel_principal_consumo_estadual,variavel_complementar_carga_subsistema
2018-05-01,MG,Sudeste,SUDESTE / CENTRO - OESTE,4637059.2469999995,9000590,SE,0.5151950313257242,Sudeste/Centro-Oeste,34197.82450940871,25443181.43500008,31,0,variavel_principal_consumo_estadual,variavel_complementar_carga_subsistema
2018-05-01,PR,Sul,SUL,2589020.216,4739542,S,0.5462595786681498,Sul,10430.373087416774,7760197.5770380795,31,0,variavel_principal_consumo_estadual,variavel_complementar_carga_subsistema
2018-05-01,RJ,Sudeste,SUDESTE / CENTRO - OESTE,3321233.448,7238920,SE,0.4588023417857912,Sudeste/Centro-Oeste,34197.82450940871,25443181.43500008,31,0,variavel_principal_consumo_estadual,variavel_complementar_carga_subsistema
2018-05-01,RS,Sul,SUL,2576792.156,4698417,S,0.5484383689229798,Sul,10430.373087416774,7760197.5770380795,31,0,variavel_principal_consumo_estadual,variavel_complementar_carga_subsistema
2018-05-01,SP,Sudeste,SUDESTE / CENTRO - OESTE,10961976.903,18780522,SE,0.5836886164825451,Sudeste/Centro-Oeste,34197.82450940871,25443181.43500008,31,0,variavel_principal_consumo_estadual,variavel_complementar_carga_subsistema
2018-06-01,BA,Nordeste,NORDESTE,2053311.118,5968241,NE,0.3440395784955735,Nordeste,9852.018283334,7093453.16400048,30,0,variavel_principal_consumo_estadual,variavel_complementar_carga_subsistema
2018-06-01,MG,Sudeste,SUDESTE / CENTRO - OESTE,4611537.013,9006892,SE,0.5120009225157802,Sudeste/Centro-Oeste,33858.13522222333,24377857.3600008,30,0,variavel_principal_consumo_estadual,variavel_complementar_carga_subsistema
2018-06-01,PR,Sul,SUL,2529678.138,4741369,S,0.5335332765705432,Sul,10608.295929167332,7637973.06900048,30,0,variavel_principal_consumo_estadual,variavel_complementar_carga_subsistema
2018-06-01,RJ,Sudeste,SUDESTE / CENTRO - OESTE,3067867.455,7227111,SE,0.42449430415556094,Sudeste/Centro-Oeste,33858.13522222333,24377857.3600008,30,0,variavel_principal_consumo_estadual,variavel_complementar_carga_subsistema
2018-06-01,RS,Sul,SUL,2414995.528,4704735,S,0.5133117015092242,Sul,10608.295929167332,7637973.06900048,30,0,variavel_principal_consumo_estadual,variavel_complementar_carga_subsistema
2018-06-01,SP,Sudeste,SUDESTE / CENTRO - OESTE,10708599.617,18827229,SE,0.568782565772159,Sudeste/Centro-Oeste,33858.13522222333,24377857.3600008,30,0,variavel_principal_consumo_estadual,variavel_complementar_carga_subsistema
2018-07-01,BA,Nordeste,NORDESTE,2048945.0769999998,5968394,NE,0.34329923208823004,Nordeste,9830.900068548708,7314189.65100024,31,0,variavel_principal_consumo_estadual,variavel_complementar_carga_subsistema
2018-07-01,MG,Sudeste,SUDESTE / CENTRO - OESTE,4661887.910999999,9009236,SE,0.5174565202865148,Sudeste/Centro-Oeste,33919.25572983871,25235926.263,31,0,variavel_principal_consumo_estadual,variavel_complementar_carga_subsistema
2018-07-01,PR,Sul,SUL,2599063.8200000003,4751062,S,0.5470490218818446,Sul,10742.015823899032,7992059.77298088,31,0,variavel_principal_consumo_estadual,variavel_complementar_carga_subsistema
2018-07-01,RJ,Sudeste,SUDESTE / CENTRO - OESTE,3056282.076,7251080,SE,0.42149336043734176,Sudeste/Centro-Oeste,33919.25572983871,25235926.263,31,0,variavel_principal_consumo_estadual,variavel_complementar_carga_subsistema
2018-07-01,RS,Sul,SUL,2477524.045,4709318,S,0.5260897745703306,Sul,10742.015823899032,7992059.77298088,31,0,variavel_principal_consumo_estadual,variavel_complementar_carga_subsistema
2018-07-01,SP,Sudeste,SUDESTE / CENTRO - OESTE,10747050.149,18864587,SE,0.56969443057513,Sudeste/Centro-Oeste,33919.25572983871,25235926.263,31,0,variavel_principal_consumo_estadual,variavel_complementar_carga_subsistema
2018-08-01,BA,Nordeste,NORDESTE,2090198.9610000001,5977847,NE,0.34965748721906065,Nordeste,9976.72393145129,7422682.60499976,31,0,variavel_principal_consumo_estadual,variavel_complementar_carga_subsistema
2018-08-01,MG,Sudeste,SUDESTE / CENTRO - OESTE,4800722.206,9022992,SE,0.5320543569139815,Sudeste/Centro-Oeste,34465.46321639742,25642304.63299968,31,0,variavel_principal_consumo_estadual,variavel_complementar_carga_subsistema
2018-08-01,PR,Sul,SUL,2648764.438,4746905,S,0.557998198405066,Sul,10694.293927534516,7956554.68208568,31,0,variavel_principal_consumo_estadual,variavel_complementar_carga_subsistema
2018-08-01,RJ,Sudeste,SUDESTE / CENTRO - OESTE,3069855.081,7222758,SE,0.4250253270288164,Sudeste/Centro-Oeste,34465.46321639742,25642304.63299968,31,0,variavel_principal_consumo_estadual,variavel_complementar_carga_subsistema
2018-08-01,RS,Sul,SUL,2510668.079,4717671,S,0.5321837998029112,Sul,10694.293927534516,7956554.68208568,31,0,variavel_principal_consumo_estadual,variavel_complementar_carga_subsistema
2018-08-01,SP,Sudeste,SUDESTE / CENTRO - OESTE,10648075.474,18896384,SE,0.5634980467162395,Sudeste/Centro-Oeste,34465.46321639742,25642304.63299968,31,0,variavel_principal_consumo_estadual,variavel_complementar_carga_subsistema
2018-09-01,BA,Nordeste,NORDESTE,2018557.844,5984205,NE,0.3373142871943725,Nordeste,10233.539184722,7368148.21299984,30,0,variavel_principal_consumo_estadual,variavel_complementar_carga_subsistema
2018-09-01,MG,Sudeste,SUDESTE / CENTRO - OESTE,4727227.024,9029700,SE,0.5235198316666113,Sudeste/Centro-Oeste,35488.20446388967,25551507.21400056,30,0,variavel_principal_consumo_estadual,variavel_complementar_carga_subsistema
2018-09-01,PR,Sul,SUL,2580183.824,4753958,S,0.5427443456589225,Sul,10456.396356944666,7528605.3770001605,30,0,variavel_principal_consumo_estadual,variavel_complementar_carga_subsistema
2018-09-01,RJ,Sudeste,SUDESTE / CENTRO - OESTE,2972127.73,7206803,SE,0.41240585180419115,Sudeste/Centro-Oeste,35488.20446388967,25551507.21400056,30,0,variavel_principal_consumo_estadual,variavel_complementar_carga_subsistema
2018-09-01,RS,Sul,SUL,2406664.6750000003,4723573,S,0.5095008958261046,Sul,10456.396356944666,7528605.3770001605,30,0,variavel_principal_consumo_estadual,variavel_complementar_carga_subsistema
2018-09-01,SP,Sudeste,SUDESTE / CENTRO - OESTE,11073770.285,18941728,SE,0.5846230230420372,Sudeste/Centro-Oeste,35488.20446388967,25551507.21400056,30,0,variavel_principal_consumo_estadual,variavel_complementar_carga_subsistema
2018-10-01,BA,Nordeste,NORDESTE,2165217.875,5993942,NE,0.36123437213773507,Nordeste,10800.472940859678,8035551.8679996,31,0,variavel_principal_consumo_estadual,variavel_complementar_carga_subsistema
2018-10-01,MG,Sudeste,SUDESTE / CENTRO - OESTE,4907742.647,9037574,SE,0.5430376168427501,Sudeste/Centro-Oeste,36868.92756182839,27430482.10600032,31,0,variavel_principal_consumo_estadual,variavel_complementar_carga_subsistema
2018-10-01,PR,Sul,SUL,2659613.452,4768356,S,0.5577631896611747,Sul,10755.890596777419,8002382.604002399,31,0,variavel_principal_consumo_estadual,variavel_complementar_carga_subsistema
2018-10-01,RJ,Sudeste,SUDESTE / CENTRO - OESTE,3285040.751,7218409,SE,0.4550920779080266,Sudeste/Centro-Oeste,36868.92756182839,27430482.10600032,31,0,variavel_principal_consumo_estadual,variavel_complementar_carga_subsistema
2018-10-01,RS,Sul,SUL,2412212.227,4728873,S,0.5101029837341794,Sul,10755.890596777419,8002382.604002399,31,0,variavel_principal_consumo_estadual,variavel_complementar_carga_subsistema
2018-10-01,SP,Sudeste,SUDESTE / CENTRO - OESTE,11056291.675,18950633,SE,0.5834259823933059,Sudeste/Centro-Oeste,36868.92756182839,27430482.10600032,31,0,variavel_principal_consumo_estadual,variavel_complementar_carga_subsistema
2018-11-01,BA,Nordeste,NORDESTE,2209672.0889999997,6001829,NE,0.3681664520931869,Nordeste,10785.051949155,7765237.4033916,30,0,variavel_principal_consumo_estadual,variavel_complementar_carga_subsistema
2018-11-01,MG,Sudeste,SUDESTE / CENTRO - OESTE,4787556.582,9041021,SE,0.5295371597964433,Sudeste/Centro-Oeste,36719.20478816434,26437827.44747832,30,0,variavel_principal_consumo_estadual,variavel_complementar_carga_subsistema
2018-11-01,PR,Sul,SUL,2667004.7830000003,4775414,S,0.5584866114225908,Sul,11306.872680237335,8140948.32977088,30,0,variavel_principal_consumo_estadual,variavel_complementar_carga_subsistema
2018-11-01,RJ,Sudeste,SUDESTE / CENTRO - OESTE,3192127.645,7222559,SE,0.44196629546397614,Sudeste/Centro-Oeste,36719.20478816434,26437827.44747832,30,0,variavel_principal_consumo_estadual,variavel_complementar_carga_subsistema
2018-11-01,RS,Sul,SUL,2459971.835,4733779,S,0.519663430633327,Sul,11306.872680237335,8140948.32977088,30,0,variavel_principal_consumo_estadual,variavel_complementar_carga_subsistema
2018-11-01,SP,Sudeste,SUDESTE / CENTRO - OESTE,11296170.849,19001254,SE,0.5944960711014126,Sudeste/Centro-Oeste,36719.20478816434,26437827.44747832,30,0,variavel_principal_consumo_estadual,variavel_complementar_carga_subsistema
2018-12-01,BA,Nordeste,NORDESTE,2136708.596,6013095,NE,0.3553425641869952,Nordeste,10447.940553763226,7773267.77199984,31,0,variavel_principal_consumo_estadual,variavel_complementar_carga_subsistema
2018-12-01,MG,Sudeste,SUDESTE / CENTRO - OESTE,4610334.799,9028254,SE,0.5106563017611156,Sudeste/Centro-Oeste,38158.38070698903,28389835.24599984,31,0,variavel_principal_consumo_estadual,variavel_complementar_carga_subsistema
2018-12-01,PR,Sul,SUL,2733163.36,4780151,S,0.5717734356090425,Sul,11532.717603409032,8580341.89693632,31,0,variavel_principal_consumo_estadual,variavel_complementar_carga_subsistema
2018-12-01,RJ,Sudeste,SUDESTE / CENTRO - OESTE,3384893.07,7232935,SE,0.4679833387138139,Sudeste/Centro-Oeste,38158.38070698903,28389835.24599984,31,0,variavel_principal_consumo_estadual,variavel_complementar_carga_subsistema
2018-12-01,RS,Sul,SUL,2506845.8249999997,4734476,S,0.529487492385641,Sul,11532.717603409032,8580341.89693632,31,0,variavel_principal_consumo_estadual,variavel_complementar_carga_subsistema
2018-12-01,SP,Sudeste,SUDESTE / CENTRO - OESTE,11138135.773,19006137,SE,0.5860283850947723,Sudeste/Centro-Oeste,38158.38070698903,28389835.24599984,31,0,variavel_principal_consumo_estadual,variavel_complementar_carga_subsistema
2019-01-01,BA,Nordeste,NORDESTE,2180317.819,6024538,NE,0.3619062273322867,Nordeste,10930.887412634838,8132580.23500032,31,0,variavel_principal_consumo_estadual,variavel_complementar_carga_subsistema
2019-01-01,MG,Sudeste,SUDESTE / CENTRO - OESTE,4834920.2069999995,9043273,SE,0.5346427346603381,Sudeste/Centro-Oeste,42133.92754166645,31347642.09099984,31,0,variavel_principal_consumo_estadual,variavel_complementar_carga_subsistema
2019-01-01,PR,Sul,SUL,2823330.084,4794364,S,0.5888852168921676,Sul,12833.959420729356,9548465.80902264,31,0,variavel_principal_consumo_estadual,variavel_complementar_carga_subsistema
2019-01-01,RJ,Sudeste,SUDESTE / CENTRO - OESTE,3825228.685,7211597,SE,0.5304274053306085,Sudeste/Centro-Oeste,42133.92754166645,31347642.09099984,31,0,variavel_principal_consumo_estadual,variavel_complementar_carga_subsistema
2019-01-01,RS,Sul,SUL,2838637.753,4784707,S,0.5932730578904831,Sul,12833.959420729356,9548465.80902264,31,0,variavel_principal_consumo_estadual,variavel_complementar_carga_subsistema
2019-01-01,SP,Sudeste,SUDESTE / CENTRO - OESTE,11534716.704,19080160,SE,0.6045398311125274,Sudeste/Centro-Oeste,42133.92754166645,31347642.09099984,31,0,variavel_principal_consumo_estadual,variavel_complementar_carga_subsistema
2019-02-01,BA,Nordeste,NORDESTE,2122425.506,6033691,NE,0.35176237994289067,Nordeste,11239.434349702144,7552899.88299984,28,0,variavel_principal_consumo_estadual,variavel_complementar_carga_subsistema
2019-02-01,MG,Sudeste,SUDESTE / CENTRO - OESTE,4627720.342,9049748,SE,0.5113645531345182,Sudeste/Centro-Oeste,40667.00419494072,27328226.81900016,28,0,variavel_principal_consumo_estadual,variavel_complementar_carga_subsistema
2019-02-01,PR,Sul,SUL,2846534.857,4799779,S,0.5930554004673965,Sul,12392.629800594284,8327847.22599936,28,0,variavel_principal_consumo_estadual,variavel_complementar_carga_subsistema
2019-02-01,RJ,Sudeste,SUDESTE / CENTRO - OESTE,3558671.624,7208474,SE,0.4936789151212864,Sudeste/Centro-Oeste,40667.00419494072,27328226.81900016,28,0,variavel_principal_consumo_estadual,variavel_complementar_carga_subsistema
2019-02-01,RS,Sul,SUL,2883086.576,4792061,S,0.6016381210506293,Sul,12392.629800594284,8327847.22599936,28,0,variavel_principal_consumo_estadual,variavel_complementar_carga_subsistema
2019-02-01,SP,Sudeste,SUDESTE / CENTRO - OESTE,11594893.705,19082539,SE,0.6076179749979811,Sudeste/Centro-Oeste,40667.00419494072,27328226.81900016,28,0,variavel_principal_consumo_estadual,variavel_complementar_carga_subsistema
2019-03-01,BA,Nordeste,NORDESTE,2299390.8529999997,6041627,NE,0.3805913296203158,Nordeste,10848.002637406451,8070913.9622304,31,0,variavel_principal_consumo_estadual,variavel_complementar_carga_subsistema
2019-03-01,MG,Sudeste,SUDESTE / CENTRO - OESTE,4691696.058,9061478,SE,0.5177627819655911,Sudeste/Centro-Oeste,38892.68261155935,28936155.863000162,31,0,variavel_principal_consumo_estadual,variavel_complementar_carga_subsistema
2019-03-01,PR,Sul,SUL,2776859.607,4802911,S,0.5781617870912036,Sul,11542.726841397098,8587788.76999944,31,0,variavel_principal_consumo_estadual,variavel_complementar_carga_subsistema
2019-03-01,RJ,Sudeste,SUDESTE / CENTRO - OESTE,3695566.133,7215779,SE,0.5121506815826815,Sudeste/Centro-Oeste,38892.68261155935,28936155.863000162,31,0,variavel_principal_consumo_estadual,variavel_complementar_carga_subsistema
2019-03-01,RS,Sul,SUL,2743887.323,4804879,S,0.5710627308200685,Sul,11542.726841397098,8587788.76999944,31,0,variavel_principal_consumo_estadual,variavel_complementar_carga_subsistema
2019-03-01,SP,Sudeste,SUDESTE / CENTRO - OESTE,11407727.51,19132250,SE,0.5962564523252623,Sudeste/Centro-Oeste,38892.68261155935,28936155.863000162,31,0,variavel_principal_consumo_estadual,variavel_complementar_carga_subsistema
2019-04-01,BA,Nordeste,NORDESTE,2145126.478,6051033,NE,0.3545058303268219,Nordeste,10927.682327777999,7867931.27600016,30,0,variavel_principal_consumo_estadual,variavel_complementar_carga_subsistema
2019-04-01,MG,Sudeste,SUDESTE / CENTRO - OESTE,4613124.677,9070997,SE,0.5085576234894577,Sudeste/Centro-Oeste,37888.03235416567,27279383.29499928,30,0,variavel_principal_consumo_estadual,variavel_complementar_carga_subsistema
2019-04-01,PR,Sul,SUL,2763992.612,4816168,S,0.573898712005063,Sul,11319.705358333002,8150187.85799976,30,0,variavel_principal_consumo_estadual,variavel_complementar_carga_subsistema
2019-04-01,RJ,Sudeste,SUDESTE / CENTRO - OESTE,3352134.929,7218199,SE,0.4644004590341718,Sudeste/Centro-Oeste,37888.03235416567,27279383.29499928,30,0,variavel_principal_consumo_estadual,variavel_complementar_carga_subsistema
2019-04-01,RS,Sul,SUL,2532741.478,4809815,S,0.5265777328234038,Sul,11319.705358333002,8150187.85799976,30,0,variavel_principal_consumo_estadual,variavel_complementar_carga_subsistema
2019-04-01,SP,Sudeste,SUDESTE / CENTRO - OESTE,11108067.804,19153194,SE,0.5799590294965946,Sudeste/Centro-Oeste,37888.03235416567,27279383.29499928,30,0,variavel_principal_consumo_estadual,variavel_complementar_carga_subsistema
2019-05-01,BA,Nordeste,NORDESTE,2249368.637,6059314,NE,0.37122496655562,Nordeste,10826.00460483871,8054547.426,31,0,variavel_principal_consumo_estadual,variavel_complementar_carga_subsistema
2019-05-01,MG,Sudeste,SUDESTE / CENTRO - OESTE,4676584.45,9083417,SE,0.5148485916698529,Sudeste/Centro-Oeste,35795.570212365485,26631904.23799992,31,0,variavel_principal_consumo_estadual,variavel_complementar_carga_subsistema
2019-05-01,PR,Sul,SUL,2711983.634,4824789,S,0.5620937276220784,Sul,10705.123001344195,7964611.51300008,31,0,variavel_principal_consumo_estadual,variavel_complementar_carga_subsistema
2019-05-01,RJ,Sudeste,SUDESTE / CENTRO - OESTE,3421093.351,7239421,SE,0.47256449804480216,Sudeste/Centro-Oeste,35795.570212365485,26631904.23799992,31,0,variavel_principal_consumo_estadual,variavel_complementar_carga_subsistema
2019-05-01,RS,Sul,SUL,2545540.75,4816946,S,0.5284553221065795,Sul,10705.123001344195,7964611.51300008,31,0,variavel_principal_consumo_estadual,variavel_complementar_carga_subsistema
2019-05-01,SP,Sudeste,SUDESTE / CENTRO - OESTE,11328758.343,19196981,SE,0.5901322891865133,Sudeste/Centro-Oeste,35795.570212365485,26631904.23799992,31,0,variavel_principal_consumo_estadual,variavel_complementar_carga_subsistema
2019-06-01,BA,Nordeste,NORDESTE,2083293.733,6066577,NE,0.34340514148258566,Nordeste,9922.855797221333,7144456.17399936,30,0,variavel_principal_consumo_estadual,variavel_complementar_carga_subsistema
2019-06-01,MG,Sudeste,SUDESTE / CENTRO - OESTE,4562744.329,9095632,SE,0.5016412635207756,Sudeste/Centro-Oeste,34226.921283333664,24643383.32400024,30,0,variavel_principal_consumo_estadual,variavel_complementar_carga_subsistema
2019-06-01,PR,Sul,SUL,2649566.278,4825770,S,0.5490452876950207,Sul,10502.498350107666,7561798.81207752,30,0,variavel_principal_consumo_estadual,variavel_complementar_carga_subsistema
2019-06-01,RJ,Sudeste,SUDESTE / CENTRO - OESTE,3059837.8230000003,7225079,SE,0.4235023344381425,Sudeste/Centro-Oeste,34226.921283333664,24643383.32400024,30,0,variavel_principal_consumo_estadual,variavel_complementar_carga_subsistema
2019-06-01,RS,Sul,SUL,2419625.186,4820780,S,0.5019157036828066,Sul,10502.498350107666,7561798.81207752,30,0,variavel_principal_consumo_estadual,variavel_complementar_carga_subsistema
2019-06-01,SP,Sudeste,SUDESTE / CENTRO - OESTE,10650662.974,19209313,SE,0.5544530912688027,Sudeste/Centro-Oeste,34226.921283333664,24643383.32400024,30,0,variavel_principal_consumo_estadual,variavel_complementar_carga_subsistema
2019-07-01,BA,Nordeste,NORDESTE,2097965.124,6071604,NE,0.3455372129012366,Nordeste,9820.86241397871,7306721.63600016,31,0,variavel_principal_consumo_estadual,variavel_complementar_carga_subsistema
2019-07-01,MG,Sudeste,SUDESTE / CENTRO - OESTE,4599724.464,9105731,SE,0.5051460957939565,Sudeste/Centro-Oeste,33569.621619623875,24975798.48500016,31,0,variavel_principal_consumo_estadual,variavel_complementar_carga_subsistema
2019-07-01,PR,Sul,SUL,2685273.92,4830365,S,0.55591532316916,Sul,10699.196267473226,7960202.02300008,31,0,variavel_principal_consumo_estadual,variavel_complementar_carga_subsistema
2019-07-01,RJ,Sudeste,SUDESTE / CENTRO - OESTE,2964505.735,7198927,SE,0.411798277021006,Sudeste/Centro-Oeste,33569.621619623875,24975798.48500016,31,0,variavel_principal_consumo_estadual,variavel_complementar_carga_subsistema
2019-07-01,RS,Sul,SUL,2405340.512,4826278,S,0.4983841610450124,Sul,10699.196267473226,7960202.02300008,31,0,variavel_principal_consumo_estadual,variavel_complementar_carga_subsistema
2019-07-01,SP,Sudeste,SUDESTE / CENTRO - OESTE,10452521.539,19263472,SE,0.542608390585041,Sudeste/Centro-Oeste,33569.621619623875,24975798.48500016,31,0,variavel_principal_consumo_estadual,variavel_complementar_carga_subsistema
2019-08-01,BA,Nordeste,NORDESTE,2007274.3620000002,6082415,NE,0.3300127271815554,Nordeste,9774.326106182258,7272098.6229996,31,0,variavel_principal_consumo_estadual,variavel_complementar_carga_subsistema
2019-08-01,MG,Sudeste,SUDESTE / CENTRO - OESTE,4649165.13,9121054,SE,0.5097179700942457,Sudeste/Centro-Oeste,34180.65211424839,25430405.1730008,31,0,variavel_principal_consumo_estadual,variavel_complementar_carga_subsistema
2019-08-01,PR,Sul,SUL,2661877.4850000003,4836385,S,0.5503857705703744,Sul,10807.31421505387,8040641.77600008,31,0,variavel_principal_consumo_estadual,variavel_complementar_carga_subsistema
2019-08-01,RJ,Sudeste,SUDESTE / CENTRO - OESTE,2980730.479,7185686,SE,0.4148150196098187,Sudeste/Centro-Oeste,34180.65211424839,25430405.1730008,31,0,variavel_principal_consumo_estadual,variavel_complementar_carga_subsistema
2019-08-01,RS,Sul,SUL,2447568.5330000003,4827831,S,0.506970631946313,Sul,10807.31421505387,8040641.77600008,31,0,variavel_principal_consumo_estadual,variavel_complementar_carga_subsistema
2019-08-01,SP,Sudeste,SUDESTE / CENTRO - OESTE,10569880.854,19278746,SE,0.5482659947903251,Sudeste/Centro-Oeste,34180.65211424839,25430405.1730008,31,0,variavel_principal_consumo_estadual,variavel_complementar_carga_subsistema
2019-09-01,BA,Nordeste,NORDESTE,1996430.6039999998,6092187,NE,0.3277034345794047,Nordeste,10106.945804166666,7277000.979,30,0,variavel_principal_consumo_estadual,variavel_complementar_carga_subsistema
2019-09-01,MG,Sudeste,SUDESTE / CENTRO - OESTE,4648202.209,9136349,SE,0.5087592657635999,Sudeste/Centro-Oeste,36699.72320138933,26423800.70500032,30,0,variavel_principal_consumo_estadual,variavel_complementar_carga_subsistema
2019-09-01,PR,Sul,SUL,2642202.316,4844239,S,0.5454318657688029,Sul,10731.136368055666,7726418.18500008,30,0,variavel_principal_consumo_estadual,variavel_complementar_carga_subsistema
2019-09-01,RJ,Sudeste,SUDESTE / CENTRO - OESTE,3010626.192,7185352,SE,0.41899494861212083,Sudeste/Centro-Oeste,36699.72320138933,26423800.70500032,30,0,variavel_principal_consumo_estadual,variavel_complementar_carga_subsistema
2019-09-01,RS,Sul,SUL,2363605.736,4832290,S,0.48912746047940003,Sul,10731.136368055666,7726418.18500008,30,0,variavel_principal_consumo_estadual,variavel_complementar_carga_subsistema
2019-09-01,SP,Sudeste,SUDESTE / CENTRO - OESTE,10947749.854,19294957,SE,0.567389181224918,Sudeste/Centro-Oeste,36699.72320138933,26423800.70500032,30,0,variavel_principal_consumo_estadual,variavel_complementar_carga_subsistema
2019-10-01,BA,Nordeste,NORDESTE,2209881.603,6102439,NE,0.36213087963681406,Nordeste,10696.636771505484,7958297.75800008,31,0,variavel_principal_consumo_estadual,variavel_complementar_carga_subsistema
2019-10-01,MG,Sudeste,SUDESTE / CENTRO - OESTE,4687748.556,9145622,SE,0.5125674946985563,Sudeste/Centro-Oeste,37918.25433602097,28211181.2259996,31,0,variavel_principal_consumo_estadual,variavel_complementar_carga_subsistema
2019-10-01,PR,Sul,SUL,2814967.0300000003,4853395,S,0.5799995734944302,Sul,11370.052662634193,8459319.18099984,31,0,variavel_principal_consumo_estadual,variavel_complementar_carga_subsistema
2019-10-01,RJ,Sudeste,SUDESTE / CENTRO - OESTE,3208160.085,7181821,SE,0.4467056593306906,Sudeste/Centro-Oeste,37918.25433602097,28211181.2259996,31,0,variavel_principal_consumo_estadual,variavel_complementar_carga_subsistema
2019-10-01,RS,Sul,SUL,2419365.688,4840068,S,0.4998619209482181,Sul,11370.052662634193,8459319.18099984,31,0,variavel_principal_consumo_estadual,variavel_complementar_carga_subsistema
2019-10-01,SP,Sudeste,SUDESTE / CENTRO - OESTE,11611731.075000001,19347253,SE,0.6001746643309002,Sudeste/Centro-Oeste,37918.25433602097,28211181.2259996,31,0,variavel_principal_consumo_estadual,variavel_complementar_carga_subsistema
2019-11-01,BA,Nordeste,NORDESTE,2220143.543,6111844,NE,0.3632526522273802,Nordeste,11085.555519444333,7981599.97399992,30,0,variavel_principal_consumo_estadual,variavel_complementar_carga_subsistema
2019-11-01,MG,Sudeste,SUDESTE / CENTRO - OESTE,4793789.282,9162810,SE,0.5231789464149098,Sudeste/Centro-Oeste,37089.426491667,26704387.07400024,30,0,variavel_principal_consumo_estadual,variavel_complementar_carga_subsistema
2019-11-01,PR,Sul,SUL,2829198.404,4859564,S,0.582191818854531,Sul,11552.506529166334,8317804.70099976,30,0,variavel_principal_consumo_estadual,variavel_complementar_carga_subsistema
2019-11-01,RJ,Sudeste,SUDESTE / CENTRO - OESTE,3388997.139,7205462,SE,0.4703372440240473,Sudeste/Centro-Oeste,37089.426491667,26704387.07400024,30,0,variavel_principal_consumo_estadual,variavel_complementar_carga_subsistema
2019-11-01,RS,Sul,SUL,2511555.577,4850048,S,0.5178413856935025,Sul,11552.506529166334,8317804.70099976,30,0,variavel_principal_consumo_estadual,variavel_complementar_carga_subsistema
2019-11-01,SP,Sudeste,SUDESTE / CENTRO - OESTE,11734631.281,19385013,SE,0.6053455461185401,Sudeste/Centro-Oeste,37089.426491667,26704387.07400024,30,0,variavel_principal_consumo_estadual,variavel_complementar_carga_subsistema
2019-12-01,BA,Nordeste,NORDESTE,2315582.9790000003,6125462,NE,0.3780258499685412,Nordeste,11129.115243278711,8280061.74099936,31,0,variavel_principal_consumo_estadual,variavel_complementar_carga_subsistema
2019-12-01,MG,Sudeste,SUDESTE / CENTRO - OESTE,4501611.5940000005,9185702,SE,0.4900672364507362,Sudeste/Centro-Oeste,36887.268131720644,27444127.49000016,31,0,variavel_principal_consumo_estadual,variavel_complementar_carga_subsistema
2019-12-01,PR,Sul,SUL,2718845.1709999996,4863785,S,0.5589978115808983,Sul,11626.437748655484,8650069.68499968,31,0,variavel_principal_consumo_estadual,variavel_complementar_carga_subsistema
2019-12-01,RJ,Sudeste,SUDESTE / CENTRO - OESTE,3227018.255,6944372,SE,0.46469547642321,Sudeste/Centro-Oeste,36887.268131720644,27444127.49000016,31,0,variavel_principal_consumo_estadual,variavel_complementar_carga_subsistema
2019-12-01,RS,Sul,SUL,2624849.364,4875594,S,0.5383650410596125,Sul,11626.437748655484,8650069.68499968,31,0,variavel_principal_consumo_estadual,variavel_complementar_carga_subsistema
2019-12-01,SP,Sudeste,SUDESTE / CENTRO - OESTE,11148467.855999999,19462416,SE,0.5728203454288511,Sudeste/Centro-Oeste,36887.268131720644,27444127.49000016,31,0,variavel_principal_consumo_estadual,variavel_complementar_carga_subsistema
2020-01-01,BA,Nordeste,NORDESTE,2219580.053,6136711,NE,0.36168886770128167,Nordeste,10952.558877688387,8148703.80500016,31,0,variavel_principal_consumo_estadual,variavel_complementar_carga_subsistema
2020-01-01,MG,Sudeste,SUDESTE / CENTRO - OESTE,4708762.178,9204838,SE,0.5115529657338891,Sudeste/Centro-Oeste,39577.56754905968,29445710.2565004,31,0,variavel_principal_consumo_estadual,variavel_complementar_carga_subsistema
2020-01-01,PR,Sul,SUL,2784090.733,4874447,S,0.5711603250584117,Sul,12599.132947580645,9373754.913,31,0,variavel_principal_consumo_estadual,variavel_complementar_carga_subsistema
2020-01-01,RJ,Sudeste,SUDESTE / CENTRO - OESTE,3525832.597,6989570,SE,0.5044419895644511,Sudeste/Centro-Oeste,39577.56754905968,29445710.2565004,31,0,variavel_principal_consumo_estadual,variavel_complementar_carga_subsistema
2020-01-01,RS,Sul,SUL,2838248.011,4760463,S,0.5962125975981748,Sul,12599.132947580645,9373754.913,31,0,variavel_principal_consumo_estadual,variavel_complementar_carga_subsistema
2020-01-01,SP,Sudeste,SUDESTE / CENTRO - OESTE,11068761.275,19265439,SE,0.5745397898796908,Sudeste/Centro-Oeste,39577.56754905968,29445710.2565004,31,0,variavel_principal_consumo_estadual,variavel_complementar_carga_subsistema
2020-02-01,BA,Nordeste,NORDESTE,2125501.759,6145081,NE,0.3458866952282647,Nordeste,10995.705311782413,7653010.897000561,29,0,variavel_principal_consumo_estadual,variavel_complementar_carga_subsistema
2020-02-01,MG,Sudeste,SUDESTE / CENTRO - OESTE,4585062.917,9213088,SE,0.4976684166047258,Sudeste/Centro-Oeste,39505.45249568966,27495794.937,29,0,variavel_principal_consumo_estadual,variavel_complementar_carga_subsistema
2020-02-01,PR,Sul,SUL,2876364.352,4879889,S,0.5894323317600052,Sul,12781.99046408138,8896265.36300064,29,0,variavel_principal_consumo_estadual,variavel_complementar_carga_subsistema
2020-02-01,RJ,Sudeste,SUDESTE / CENTRO - OESTE,3436716.071,6978809,SE,0.4924502262492067,Sudeste/Centro-Oeste,39505.45249568966,27495794.937,29,0,variavel_principal_consumo_estadual,variavel_complementar_carga_subsistema
2020-02-01,RS,Sul,SUL,2796166.807,4762861,S,0.5870771385098158,Sul,12781.99046408138,8896265.36300064,29,0,variavel_principal_consumo_estadual,variavel_complementar_carga_subsistema
2020-02-01,SP,Sudeste,SUDESTE / CENTRO - OESTE,11133137.831,19242162,SE,0.5785804022957504,Sudeste/Centro-Oeste,39505.45249568966,27495794.937,29,0,variavel_principal_consumo_estadual,variavel_complementar_carga_subsistema
2020-03-01,BA,Nordeste,NORDESTE,2174986.149,6152264,NE,0.3535261407832954,Nordeste,10597.096494623871,7884239.79200016,31,0,variavel_principal_consumo_estadual,variavel_complementar_carga_subsistema
2020-03-01,MG,Sudeste,SUDESTE / CENTRO - OESTE,4667379.945,9205953,SE,0.5069958476868175,Sudeste/Centro-Oeste,37954.85326747419,28238410.8310008,31,0,variavel_principal_consumo_estadual,variavel_complementar_carga_subsistema
2020-03-01,PR,Sul,SUL,2870449.587,4886648,S,0.5874066613760598,Sul,12310.286107526776,9158852.86399992,31,0,variavel_principal_consumo_estadual,variavel_complementar_carga_subsistema
2020-03-01,RJ,Sudeste,SUDESTE / CENTRO - OESTE,3351412.006,6983549,SE,0.4799009795735664,Sudeste/Centro-Oeste,37954.85326747419,28238410.8310008,31,0,variavel_principal_consumo_estadual,variavel_complementar_carga_subsistema
2020-03-01,RS,Sul,SUL,2811155.498,4769479,S,0.5894051526382651,Sul,12310.286107526776,9158852.86399992,31,0,variavel_principal_consumo_estadual,variavel_complementar_carga_subsistema
2020-03-01,SP,Sudeste,SUDESTE / CENTRO - OESTE,11209895.368999999,19348507,SE,0.5793674607038155,Sudeste/Centro-Oeste,37954.85326747419,28238410.8310008,31,0,variavel_principal_consumo_estadual,variavel_complementar_carga_subsistema
2020-04-01,BA,Nordeste,NORDESTE,1996214.609,6155998,NE,0.3242714843312165,Nordeste,9592.039329166666,6906268.317,30,0,variavel_principal_consumo_estadual,variavel_complementar_carga_subsistema
2020-04-01,MG,Sudeste,SUDESTE / CENTRO - OESTE,4332063.295000001,9210939,SE,0.4703172277006721,Sudeste/Centro-Oeste,32396.516541666664,23325491.91,30,0,variavel_principal_consumo_estadual,variavel_complementar_carga_subsistema
2020-04-01,PR,Sul,SUL,2588179.731,4890784,S,0.5291952641948612,Sul,10265.750226389668,7391340.16300056,30,0,variavel_principal_consumo_estadual,variavel_complementar_carga_subsistema
2020-04-01,RJ,Sudeste,SUDESTE / CENTRO - OESTE,2824525.329,6993848,SE,0.4038585524020539,Sudeste/Centro-Oeste,32396.516541666664,23325491.91,30,0,variavel_principal_consumo_estadual,variavel_complementar_carga_subsistema
2020-04-01,RS,Sul,SUL,2452791.5579999997,4752456,S,0.5161103139092713,Sul,10265.750226389668,7391340.16300056,30,0,variavel_principal_consumo_estadual,variavel_complementar_carga_subsistema
2020-04-01,SP,Sudeste,SUDESTE / CENTRO - OESTE,10049426.211,18907629,SE,0.5315011316860512,Sudeste/Centro-Oeste,32396.516541666664,23325491.91,30,0,variavel_principal_consumo_estadual,variavel_complementar_carga_subsistema
2020-05-01,BA,Nordeste,NORDESTE,1964442.649,6163160,NE,0.3187395182017017,Nordeste,9470.41150403129,7045986.15899928,31,0,variavel_principal_consumo_estadual,variavel_complementar_carga_subsistema
2020-05-01,MG,Sudeste,SUDESTE / CENTRO - OESTE,4348680.285,9228654,SE,0.47121500979449443,Sudeste/Centro-Oeste,31278.080145161613,23270891.62800024,31,0,variavel_principal_consumo_estadual,variavel_complementar_carga_subsistema
2020-05-01,PR,Sul,SUL,2538500.0500000003,4890282,S,0.5190907293280838,Sul,10095.401204313548,7510978.49600928,31,0,variavel_principal_consumo_estadual,variavel_complementar_carga_subsistema
2020-05-01,RJ,Sudeste,SUDESTE / CENTRO - OESTE,2760123.323,6901483,SE,0.3999319165170732,Sudeste/Centro-Oeste,31278.080145161613,23270891.62800024,31,0,variavel_principal_consumo_estadual,variavel_complementar_carga_subsistema
2020-05-01,RS,Sul,SUL,2211860.8880000003,4771695,S,0.46353777598945456,Sul,10095.401204313548,7510978.49600928,31,0,variavel_principal_consumo_estadual,variavel_complementar_carga_subsistema
2020-05-01,SP,Sudeste,SUDESTE / CENTRO - OESTE,9451274.6,18990435,SE,0.4976860508987814,Sudeste/Centro-Oeste,31278.080145161613,23270891.62800024,31,0,variavel_principal_consumo_estadual,variavel_complementar_carga_subsistema
2020-06-01,BA,Nordeste,NORDESTE,1934263.646,6174858,NE,0.3132482797175255,Nordeste,9441.394875,6797804.31,30,0,variavel_principal_consumo_estadual,variavel_complementar_carga_subsistema
2020-06-01,MG,Sudeste,SUDESTE / CENTRO - OESTE,4265841.456,9227948,SE,0.4622741107773906,Sudeste/Centro-Oeste,32643.97852083333,23503664.535,30,0,variavel_principal_consumo_estadual,variavel_complementar_carga_subsistema
2020-06-01,PR,Sul,SUL,2494406.302,4895078,S,0.5095743728700544,Sul,10185.782777777667,7333763.5999999195,30,0,variavel_principal_consumo_estadual,variavel_complementar_carga_subsistema
2020-06-01,RJ,Sudeste,SUDESTE / CENTRO - OESTE,2714440.516,6946228,SE,0.39077906973396204,Sudeste/Centro-Oeste,32643.97852083333,23503664.535,30,0,variavel_principal_consumo_estadual,variavel_complementar_carga_subsistema
2020-06-01,RS,Sul,SUL,2136855.665,4773975,S,0.4476051225655769,Sul,10185.782777777667,7333763.5999999195,30,0,variavel_principal_consumo_estadual,variavel_complementar_carga_subsistema
2020-06-01,SP,Sudeste,SUDESTE / CENTRO - OESTE,9555174.016,19167506,SE,0.49850898786727915,Sudeste/Centro-Oeste,32643.97852083333,23503664.535,30,0,variavel_principal_consumo_estadual,variavel_complementar_carga_subsistema
2020-07-01,BA,Nordeste,NORDESTE,2052526.4389999998,6188954,NE,0.3316435118115274,Nordeste,9612.534336020968,7151725.5459996,31,0,variavel_principal_consumo_estadual,variavel_complementar_carga_subsistema
2020-07-01,MG,Sudeste,SUDESTE / CENTRO - OESTE,4541210.706,9276294,SE,0.48955010546237543,Sudeste/Centro-Oeste,33652.7906438171,25037676.23899992,31,0,variavel_principal_consumo_estadual,variavel_complementar_carga_subsistema
2020-07-01,PR,Sul,SUL,2587338.903,4909124,S,0.5270469645908312,Sul,10414.714665322259,7748547.71099976,31,0,variavel_principal_consumo_estadual,variavel_complementar_carga_subsistema
2020-07-01,RJ,Sudeste,SUDESTE / CENTRO - OESTE,2759140.629,6923996,SE,0.39848963358731,Sudeste/Centro-Oeste,33652.7906438171,25037676.23899992,31,0,variavel_principal_consumo_estadual,variavel_complementar_carga_subsistema
2020-07-01,RS,Sul,SUL,2319296.693,4780210,S,0.48518719742438093,Sul,10414.714665322259,7748547.71099976,31,0,variavel_principal_consumo_estadual,variavel_complementar_carga_subsistema
2020-07-01,SP,Sudeste,SUDESTE / CENTRO - OESTE,10206007.99,19316033,SE,0.5283697739592804,Sudeste/Centro-Oeste,33652.7906438171,25037676.23899992,31,0,variavel_principal_consumo_estadual,variavel_complementar_carga_subsistema
2020-08-01,BA,Nordeste,NORDESTE,1953326.6199999999,6188671,NE,0.31562941704285136,Nordeste,9809.270948925161,7298097.58600032,31,0,variavel_principal_consumo_estadual,variavel_complementar_carga_subsistema
2020-08-01,MG,Sudeste,SUDESTE / CENTRO - OESTE,4832243.732,9302570,SE,0.5194525525741811,Sudeste/Centro-Oeste,34682.81422446226,25804013.78299992,31,0,variavel_principal_consumo_estadual,variavel_complementar_carga_subsistema
2020-08-01,PR,Sul,SUL,2652280.532,4935161,S,0.537425330602183,Sul,10424.310686862258,7755687.15102552,31,0,variavel_principal_consumo_estadual,variavel_complementar_carga_subsistema
2020-08-01,RJ,Sudeste,SUDESTE / CENTRO - OESTE,2817732.355,6907751,SE,0.4079087904297651,Sudeste/Centro-Oeste,34682.81422446226,25804013.78299992,31,0,variavel_principal_consumo_estadual,variavel_complementar_carga_subsistema
2020-08-01,RS,Sul,SUL,2362432.991,4787042,S,0.49350579982377424,Sul,10424.310686862258,7755687.15102552,31,0,variavel_principal_consumo_estadual,variavel_complementar_carga_subsistema
2020-08-01,SP,Sudeste,SUDESTE / CENTRO - OESTE,10719591.592,19533324,SE,0.5487848147094678,Sudeste/Centro-Oeste,34682.81422446226,25804013.78299992,31,0,variavel_principal_consumo_estadual,variavel_complementar_carga_subsistema
2020-09-01,BA,Nordeste,NORDESTE,2077032.203,6199539,NE,0.33503010514168874,Nordeste,10132.212884722,7295193.27699984,30,0,variavel_principal_consumo_estadual,variavel_complementar_carga_subsistema
2020-09-01,MG,Sudeste,SUDESTE / CENTRO - OESTE,4701369.957,9316370,SE,0.5046353844898819,Sudeste/Centro-Oeste,38260.48575416567,27547549.74299928,30,0,variavel_principal_consumo_estadual,variavel_complementar_carga_subsistema
2020-09-01,PR,Sul,SUL,2742617.102,4949535,S,0.5541161143420543,Sul,11012.739776388333,7929172.6389996,30,0,variavel_principal_consumo_estadual,variavel_complementar_carga_subsistema
2020-09-01,RJ,Sudeste,SUDESTE / CENTRO - OESTE,3020031.836,6911888,SE,0.43693298213165493,Sudeste/Centro-Oeste,38260.48575416567,27547549.74299928,30,0,variavel_principal_consumo_estadual,variavel_complementar_carga_subsistema
2020-09-01,RS,Sul,SUL,2316033.18,4799243,S,0.48258301986375773,Sul,11012.739776388333,7929172.6389996,30,0,variavel_principal_consumo_estadual,variavel_complementar_carga_subsistema
2020-09-01,SP,Sudeste,SUDESTE / CENTRO - OESTE,11106811.389999999,19531671,SE,0.5686564856637202,Sudeste/Centro-Oeste,38260.48575416567,27547549.74299928,30,0,variavel_principal_consumo_estadual,variavel_complementar_carga_subsistema
2020-10-01,BA,Nordeste,NORDESTE,2250669.4930000002,6212841,NE,0.3622609194408806,Nordeste,11048.550873655484,8220121.84999968,31,0,variavel_principal_consumo_estadual,variavel_complementar_carga_subsistema
2020-10-01,MG,Sudeste,SUDESTE / CENTRO - OESTE,5240759.296999999,9319111,SE,0.5623668713678804,Sudeste/Centro-Oeste,38984.220814516455,29004260.28600024,31,0,variavel_principal_consumo_estadual,variavel_complementar_carga_subsistema
2020-10-01,PR,Sul,SUL,2906000.347,4961997,S,0.5856513712120343,Sul,11537.247294355162,8583711.98700024,31,0,variavel_principal_consumo_estadual,variavel_complementar_carga_subsistema
2020-10-01,RJ,Sudeste,SUDESTE / CENTRO - OESTE,3287858.799,6907111,SE,0.4760107082396678,Sudeste/Centro-Oeste,38984.220814516455,29004260.28600024,31,0,variavel_principal_consumo_estadual,variavel_complementar_carga_subsistema
2020-10-01,RS,Sul,SUL,2329966.057,4805296,S,0.4848746168810413,Sul,11537.247294355162,8583711.98700024,31,0,variavel_principal_consumo_estadual,variavel_complementar_carga_subsistema
2020-10-01,SP,Sudeste,SUDESTE / CENTRO - OESTE,11737611.937,19552091,SE,0.6003251487014868,Sudeste/Centro-Oeste,38984.220814516455,29004260.28600024,31,0,variavel_principal_consumo_estadual,variavel_complementar_carga_subsistema
2020-11-01,BA,Nordeste,NORDESTE,1995955.4049999998,6211904,NE,0.32131137329231096,Nordeste,10790.926198611001,7769466.86299992,30,0,variavel_principal_consumo_estadual,variavel_complementar_carga_subsistema
2020-11-01,MG,Sudeste,SUDESTE / CENTRO - OESTE,4857917.999,9342786,SE,0.5199646014582802,Sudeste/Centro-Oeste,37609.394794444335,27078764.25199992,30,0,variavel_principal_consumo_estadual,variavel_complementar_carga_subsistema
2020-11-01,PR,Sul,SUL,2880128.734,4974951,S,0.5789260505279349,Sul,11927.270477193333,8587634.7435792,30,0,variavel_principal_consumo_estadual,variavel_complementar_carga_subsistema
2020-11-01,RJ,Sudeste,SUDESTE / CENTRO - OESTE,3144091.1930000004,6830775,SE,0.4602832318441173,Sudeste/Centro-Oeste,37609.394794444335,27078764.25199992,30,0,variavel_principal_consumo_estadual,variavel_complementar_carga_subsistema
2020-11-01,RS,Sul,SUL,2424696.754,4812220,S,0.5038624073712341,Sul,11927.270477193333,8587634.7435792,30,0,variavel_principal_consumo_estadual,variavel_complementar_carga_subsistema
2020-11-01,SP,Sudeste,SUDESTE / CENTRO - OESTE,11418748.564000001,19590330,SE,0.5828767848218994,Sudeste/Centro-Oeste,37609.394794444335,27078764.25199992,30,0,variavel_principal_consumo_estadual,variavel_complementar_carga_subsistema
2020-12-01,BA,Nordeste,NORDESTE,2071142.248,6225561,NE,0.33268363252725336,Nordeste,11165.524768816775,8307150.42799968,31,0,variavel_principal_consumo_estadual,variavel_complementar_carga_subsistema
2020-12-01,MG,Sudeste,SUDESTE / CENTRO - OESTE,4694334.777000001,9349615,SE,0.5020885648232575,Sudeste/Centro-Oeste,39185.01075403226,29153648.001,31,0,variavel_principal_consumo_estadual,variavel_complementar_carga_subsistema
2020-12-01,PR,Sul,SUL,2946794.243,4989039,S,0.5906536795964112,Sul,11917.91386317484,8866927.91420208,31,0,variavel_principal_consumo_estadual,variavel_complementar_carga_subsistema
2020-12-01,RJ,Sudeste,SUDESTE / CENTRO - OESTE,3493367.091,6908489,SE,0.5056629736256365,Sudeste/Centro-Oeste,39185.01075403226,29153648.001,31,0,variavel_principal_consumo_estadual,variavel_complementar_carga_subsistema
2020-12-01,RS,Sul,SUL,2562841.898,4819365,S,0.5317799954973321,Sul,11917.91386317484,8866927.91420208,31,0,variavel_principal_consumo_estadual,variavel_complementar_carga_subsistema
2020-12-01,SP,Sudeste,SUDESTE / CENTRO - OESTE,11602166.063,19647258,SE,0.590523423828404,Sudeste/Centro-Oeste,39185.01075403226,29153648.001,31,0,variavel_principal_consumo_estadual,variavel_complementar_carga_subsistema
2021-01-01,BA,Nordeste,NORDESTE,2307961.995,6233904,NE,0.3702273880059751,Nordeste,11104.463098119031,8261720.54500056,31,0,variavel_principal_consumo_estadual,variavel_complementar_carga_subsistema
2021-01-01,MG,Sudeste,SUDESTE / CENTRO - OESTE,5109304.181,9406884,SE,0.5431452307692962,Sudeste/Centro-Oeste,40893.728262096774,30424933.827,31,0,variavel_principal_consumo_estadual,variavel_complementar_carga_subsistema
2021-01-01,PR,Sul,SUL,2954564.64,4997211,S,0.5912427231909959,Sul,12380.838608169033,9211343.92447776,31,0,variavel_principal_consumo_estadual,variavel_complementar_carga_subsistema
2021-01-01,RJ,Sudeste,SUDESTE / CENTRO - OESTE,3458722.732,6909993,SE,0.5005392526446842,Sudeste/Centro-Oeste,40893.728262096774,30424933.827,31,0,variavel_principal_consumo_estadual,variavel_complementar_carga_subsistema
2021-01-01,RS,Sul,SUL,2814697.237,4828130,S,0.5829787592711878,Sul,12380.838608169033,9211343.92447776,31,0,variavel_principal_consumo_estadual,variavel_complementar_carga_subsistema
2021-01-01,SP,Sudeste,SUDESTE / CENTRO - OESTE,11939882.478,19669853,SE,0.6070143217643772,Sudeste/Centro-Oeste,40893.728262096774,30424933.827,31,0,variavel_principal_consumo_estadual,variavel_complementar_carga_subsistema
2021-02-01,BA,Nordeste,NORDESTE,2174669.858,6243997,NE,0.34828169488230054,Nordeste,11218.179636904644,7538616.71599992,28,0,variavel_principal_consumo_estadual,variavel_complementar_carga_subsistema
2021-02-01,MG,Sudeste,SUDESTE / CENTRO - OESTE,4734986.802,9407156,SE,0.5033388201492566,Sudeste/Centro-Oeste,40791.12648660714,27411636.999,28,0,variavel_principal_consumo_estadual,variavel_complementar_carga_subsistema
2021-02-01,PR,Sul,SUL,2844204.3869999996,5003795,S,0.5684094546239403,Sul,12689.414065555358,8527286.2520532,28,0,variavel_principal_consumo_estadual,variavel_complementar_carga_subsistema
2021-02-01,RJ,Sudeste,SUDESTE / CENTRO - OESTE,3420385.357,6909955,SE,0.4949938685563075,Sudeste/Centro-Oeste,40791.12648660714,27411636.999,28,0,variavel_principal_consumo_estadual,variavel_complementar_carga_subsistema
2021-02-01,RS,Sul,SUL,2738597.874,4828349,S,0.5671913678982194,Sul,12689.414065555358,8527286.2520532,28,0,variavel_principal_consumo_estadual,variavel_complementar_carga_subsistema
2021-02-01,SP,Sudeste,SUDESTE / CENTRO - OESTE,11486390.848,19548411,SE,0.5875869321552529,Sudeste/Centro-Oeste,40791.12648660714,27411636.999,28,0,variavel_principal_consumo_estadual,variavel_complementar_carga_subsistema
2021-03-01,BA,Nordeste,NORDESTE,2222090.397,6256079,NE,0.3551889924983364,Nordeste,11499.665245967419,8555750.94299976,31,0,variavel_principal_consumo_estadual,variavel_complementar_carga_subsistema
2021-03-01,MG,Sudeste,SUDESTE / CENTRO - OESTE,5061234.305,9421872,SE,0.5371792680902479,Sudeste/Centro-Oeste,41979.19972446258,31232524.59500016,31,0,variavel_principal_consumo_estadual,variavel_complementar_carga_subsistema
2021-03-01,PR,Sul,SUL,3026015.211,5017618,S,0.6030780364308324,Sul,12923.315173387742,9614946.48900048,31,0,variavel_principal_consumo_estadual,variavel_complementar_carga_subsistema
2021-03-01,RJ,Sudeste,SUDESTE / CENTRO - OESTE,3555048.12,6944910,SE,0.5118926119992916,Sudeste/Centro-Oeste,41979.19972446258,31232524.59500016,31,0,variavel_principal_consumo_estadual,variavel_complementar_carga_subsistema
2021-03-01,RS,Sul,SUL,2699319.559,4836883,S,0.5580700544131416,Sul,12923.315173387742,9614946.48900048,31,0,variavel_principal_consumo_estadual,variavel_complementar_carga_subsistema
2021-03-01,SP,Sudeste,SUDESTE / CENTRO - OESTE,12444223.105,19637990,SE,0.6336811000005602,Sudeste/Centro-Oeste,41979.19972446258,31232524.59500016,31,0,variavel_principal_consumo_estadual,variavel_complementar_carga_subsistema
2021-04-01,BA,Nordeste,NORDESTE,2229399.7060000002,6267649,NE,0.3556995144431349,Nordeste,11163.710490277334,8037871.55299968,30,0,variavel_principal_consumo_estadual,variavel_complementar_carga_subsistema
2021-04-01,MG,Sudeste,SUDESTE / CENTRO - OESTE,5087759.785,9438773,SE,0.5390276665197903,Sudeste/Centro-Oeste,38720.878506944005,27879032.52499968,30,0,variavel_principal_consumo_estadual,variavel_complementar_carga_subsistema
2021-04-01,PR,Sul,SUL,2963862.65,5025382,S,0.5897785780265062,Sul,12000.242365246,8640174.50297712,30,0,variavel_principal_consumo_estadual,variavel_complementar_carga_subsistema
2021-04-01,RJ,Sudeste,SUDESTE / CENTRO - OESTE,3376226.319,6955647,SE,0.4853935685637871,Sudeste/Centro-Oeste,38720.878506944005,27879032.52499968,30,0,variavel_principal_consumo_estadual,variavel_complementar_carga_subsistema
2021-04-01,RS,Sul,SUL,2691905.353,4841927,S,0.5559574427702029,Sul,12000.242365246,8640174.50297712,30,0,variavel_principal_consumo_estadual,variavel_complementar_carga_subsistema
2021-04-01,SP,Sudeste,SUDESTE / CENTRO - OESTE,11704461.986,19622686,SE,0.5964760372764463,Sudeste/Centro-Oeste,38720.878506944005,27879032.52499968,30,0,variavel_principal_consumo_estadual,variavel_complementar_carga_subsistema
2021-05-01,BA,Nordeste,NORDESTE,2116260.585,6279022,NE,0.3370366571418288,Nordeste,10767.942676075485,8011349.35100016,31,0,variavel_principal_consumo_estadual,variavel_complementar_carga_subsistema
2021-05-01,MG,Sudeste,SUDESTE / CENTRO - OESTE,5026528.031,9441750,SE,0.5323724977890751,Sudeste/Centro-Oeste,38155.86060483839,28387960.28999976,31,0,variavel_principal_consumo_estadual,variavel_complementar_carga_subsistema
2021-05-01,PR,Sul,SUL,2814562.698,5032642,S,0.5592614571034459,Sul,11421.819905914193,8497834.01000016,31,0,variavel_principal_consumo_estadual,variavel_complementar_carga_subsistema
2021-05-01,RJ,Sudeste,SUDESTE / CENTRO - OESTE,3078474.2679999997,6957712,SE,0.4424549719792943,Sudeste/Centro-Oeste,38155.86060483839,28387960.28999976,31,0,variavel_principal_consumo_estadual,variavel_complementar_carga_subsistema
2021-05-01,RS,Sul,SUL,2516269.2229999998,4847752,S,0.5190589830090317,Sul,11421.819905914193,8497834.01000016,31,0,variavel_principal_consumo_estadual,variavel_complementar_carga_subsistema
2021-05-01,SP,Sudeste,SUDESTE / CENTRO - OESTE,10958862.972,19626296,SE,0.5583765256572101,Sudeste/Centro-Oeste,38155.86060483839,28387960.28999976,31,0,variavel_principal_consumo_estadual,variavel_complementar_carga_subsistema
2021-06-01,BA,Nordeste,NORDESTE,2133412.828,6292322,NE,0.33905016748983924,Nordeste,10967.231370833999,7896406.58700048,30,0,variavel_principal_consumo_estadual,variavel_complementar_carga_subsistema
2021-06-01,MG,Sudeste,SUDESTE / CENTRO - OESTE,4994938.805,9458391,SE,0.5280960371589628,Sudeste/Centro-Oeste,37596.18125138933,27069250.50100032,30,0,variavel_principal_consumo_estadual,variavel_complementar_carga_subsistema
2021-06-01,PR,Sul,SUL,2734025.821,5042457,S,0.5422011176297586,Sul,11291.336390278333,8129762.2010004,30,0,variavel_principal_consumo_estadual,variavel_complementar_carga_subsistema
2021-06-01,RJ,Sudeste,SUDESTE / CENTRO - OESTE,2934955.171,6974084,SE,0.4208373703270566,Sudeste/Centro-Oeste,37596.18125138933,27069250.50100032,30,0,variavel_principal_consumo_estadual,variavel_complementar_carga_subsistema
2021-06-01,RS,Sul,SUL,2382671.627,4847630,S,0.4915126828986535,Sul,11291.336390278333,8129762.2010004,30,0,variavel_principal_consumo_estadual,variavel_complementar_carga_subsistema
2021-06-01,SP,Sudeste,SUDESTE / CENTRO - OESTE,10898786.822999999,19776436,SE,0.5510996431814104,Sudeste/Centro-Oeste,37596.18125138933,27069250.50100032,30,0,variavel_principal_consumo_estadual,variavel_complementar_carga_subsistema
2021-07-01,BA,Nordeste,NORDESTE,2131956.08,6306585,NE,0.3380523817565291,Nordeste,11038.132947580321,8212370.912999759,31,0,variavel_principal_consumo_estadual,variavel_complementar_carga_subsistema
2021-07-01,MG,Sudeste,SUDESTE / CENTRO - OESTE,4985129.620999999,9468768,SE,0.5264813353754152,Sudeste/Centro-Oeste,36489.124572580964,27147908.68200024,31,0,variavel_principal_consumo_estadual,variavel_complementar_carga_subsistema
2021-07-01,PR,Sul,SUL,2761628.365,5042156,S,0.5477078386706005,Sul,11619.34592473097,8644793.36799984,31,0,variavel_principal_consumo_estadual,variavel_complementar_carga_subsistema
2021-07-01,RJ,Sudeste,SUDESTE / CENTRO - OESTE,2802746.477,6986903,SE,0.4011428922084649,Sudeste/Centro-Oeste,36489.124572580964,27147908.68200024,31,0,variavel_principal_consumo_estadual,variavel_complementar_carga_subsistema
2021-07-01,RS,Sul,SUL,2428788.116,4856625,S,0.50009793138239,Sul,11619.34592473097,8644793.36799984,31,0,variavel_principal_consumo_estadual,variavel_complementar_carga_subsistema
2021-07-01,SP,Sudeste,SUDESTE / CENTRO - OESTE,10828770.206,19801999,SE,0.5468523761666688,Sudeste/Centro-Oeste,36489.124572580964,27147908.68200024,31,0,variavel_principal_consumo_estadual,variavel_complementar_carga_subsistema
2021-08-01,BA,Nordeste,NORDESTE,2107448.231,6321210,NE,0.3333931685547546,Nordeste,11276.10197983871,8389419.873,31,0,variavel_principal_consumo_estadual,variavel_complementar_carga_subsistema
2021-08-01,MG,Sudeste,SUDESTE / CENTRO - OESTE,5107975.717,9492619,SE,0.5380997295899056,Sudeste/Centro-Oeste,38117.23469892484,28359222.61600008,31,0,variavel_principal_consumo_estadual,variavel_complementar_carga_subsistema
2021-08-01,PR,Sul,SUL,2844409.017,5050917,S,0.5631470517135799,Sul,11642.065165322258,8661696.48299976,31,0,variavel_principal_consumo_estadual,variavel_complementar_carga_subsistema
2021-08-01,RJ,Sudeste,SUDESTE / CENTRO - OESTE,2866283.236,6990256,SE,0.4100398091285927,Sudeste/Centro-Oeste,38117.23469892484,28359222.61600008,31,0,variavel_principal_consumo_estadual,variavel_complementar_carga_subsistema
2021-08-01,RS,Sul,SUL,2454518.876,4865747,S,0.5044485206485253,Sul,11642.065165322258,8661696.48299976,31,0,variavel_principal_consumo_estadual,variavel_complementar_carga_subsistema
2021-08-01,SP,Sudeste,SUDESTE / CENTRO - OESTE,10922857.992,19856824,SE,0.5500808181610514,Sudeste/Centro-Oeste,38117.23469892484,28359222.61600008,31,0,variavel_principal_consumo_estadual,variavel_complementar_carga_subsistema
2021-09-01,BA,Nordeste,NORDESTE,2078646.295,6335337,NE,0.32810350814802747,Nordeste,11972.596026388666,8620269.13899984,30,0,variavel_principal_consumo_estadual,variavel_complementar_carga_subsistema
2021-09-01,MG,Sudeste,SUDESTE / CENTRO - OESTE,5120934.38,9513119,SE,0.53830235698723,Sudeste/Centro-Oeste,40340.27973333334,29045001.408,30,0,variavel_principal_consumo_estadual,variavel_complementar_carga_subsistema
2021-09-01,PR,Sul,SUL,2817033.957,5056354,S,0.5571275185637714,Sul,11449.036748611334,8243306.45900016,30,0,variavel_principal_consumo_estadual,variavel_complementar_carga_subsistema
2021-09-01,RJ,Sudeste,SUDESTE / CENTRO - OESTE,3083492.168,6987760,SE,0.4412704740861163,Sudeste/Centro-Oeste,40340.27973333334,29045001.408,30,0,variavel_principal_consumo_estadual,variavel_complementar_carga_subsistema
2021-09-01,RS,Sul,SUL,2272740.5,4869879,S,0.4666934229782711,Sul,11449.036748611334,8243306.45900016,30,0,variavel_principal_consumo_estadual,variavel_complementar_carga_subsistema
2021-09-01,SP,Sudeste,SUDESTE / CENTRO - OESTE,11552698.889,19887720,SE,0.5808960951280489,Sudeste/Centro-Oeste,40340.27973333334,29045001.408,30,0,variavel_principal_consumo_estadual,variavel_complementar_carga_subsistema
2021-10-01,BA,Nordeste,NORDESTE,2263469.9620000003,6348654,NE,0.3565275351279185,Nordeste,12179.026026509355,9061195.36372296,31,0,variavel_principal_consumo_estadual,variavel_complementar_carga_subsistema
2021-10-01,MG,Sudeste,SUDESTE / CENTRO - OESTE,5202373.755,9525995,SE,0.5461239224878871,Sudeste/Centro-Oeste,37630.334862054515,27996969.13736856,31,0,variavel_principal_consumo_estadual,variavel_complementar_carga_subsistema
2021-10-01,PR,Sul,SUL,2894959.4630000005,5063782,S,0.5716990705761031,Sul,11084.296184139032,8246716.36099944,31,0,variavel_principal_consumo_estadual,variavel_complementar_carga_subsistema
2021-10-01,RJ,Sudeste,SUDESTE / CENTRO - OESTE,3041143.542,6980074,SE,0.4356892981363808,Sudeste/Centro-Oeste,37630.334862054515,27996969.13736856,31,0,variavel_principal_consumo_estadual,variavel_complementar_carga_subsistema
2021-10-01,RS,Sul,SUL,2302179.091,4878394,S,0.47191331634960193,Sul,11084.296184139032,8246716.36099944,31,0,variavel_principal_consumo_estadual,variavel_complementar_carga_subsistema
2021-10-01,SP,Sudeste,SUDESTE / CENTRO - OESTE,11581095.534,19927592,SE,0.5811588040341251,Sudeste/Centro-Oeste,37630.334862054515,27996969.13736856,31,0,variavel_principal_consumo_estadual,variavel_complementar_carga_subsistema
2021-11-01,BA,Nordeste,NORDESTE,2215322.773,6360206,NE,0.34830990898722464,Nordeste,11923.984643055668,8585268.94300008,30,0,variavel_principal_consumo_estadual,variavel_complementar_carga_subsistema
2021-11-01,MG,Sudeste,SUDESTE / CENTRO - OESTE,4998163.96,9539144,SE,0.5239635715741371,Sudeste/Centro-Oeste,39761.942426388334,28628598.5469996,30,0,variavel_principal_consumo_estadual,variavel_complementar_carga_subsistema
2021-11-01,PR,Sul,SUL,2882110.141,5071640,S,0.5682797164230899,Sul,12468.522041666,8977335.86999952,30,0,variavel_principal_consumo_estadual,variavel_complementar_carga_subsistema
2021-11-01,RJ,Sudeste,SUDESTE / CENTRO - OESTE,3076196.247,6982498,SE,0.4405581279078061,Sudeste/Centro-Oeste,39761.942426388334,28628598.5469996,30,0,variavel_principal_consumo_estadual,variavel_complementar_carga_subsistema
2021-11-01,RS,Sul,SUL,2424207.519,4885863,S,0.4961677228772071,Sul,12468.522041666,8977335.86999952,30,0,variavel_principal_consumo_estadual,variavel_complementar_carga_subsistema
2021-11-01,SP,Sudeste,SUDESTE / CENTRO - OESTE,11322959.947,19946274,SE,0.5676729371610959,Sudeste/Centro-Oeste,39761.942426388334,28628598.5469996,30,0,variavel_principal_consumo_estadual,variavel_complementar_carga_subsistema
2021-12-01,BA,Nordeste,NORDESTE,2217221.029,6373297,NE,0.34789231209529387,Nordeste,11664.321360886452,8678255.09249952,31,0,variavel_principal_consumo_estadual,variavel_complementar_carga_subsistema
2021-12-01,MG,Sudeste,SUDESTE / CENTRO - OESTE,4950735.49,9542649,SE,0.5188009629192062,Sudeste/Centro-Oeste,39777.991616935804,29594825.76300024,31,0,variavel_principal_consumo_estadual,variavel_complementar_carga_subsistema
2021-12-01,PR,Sul,SUL,2981306.177,5081213,S,0.5867311952874245,Sul,12665.256057796452,9422950.50700056,31,0,variavel_principal_consumo_estadual,variavel_complementar_carga_subsistema
2021-12-01,RJ,Sudeste,SUDESTE / CENTRO - OESTE,3155970.437,6936385,SE,0.45498778355007685,Sudeste/Centro-Oeste,39777.991616935804,29594825.76300024,31,0,variavel_principal_consumo_estadual,variavel_complementar_carga_subsistema
2021-12-01,RS,Sul,SUL,2588499.866,4887879,S,0.5295752750835281,Sul,12665.256057796452,9422950.50700056,31,0,variavel_principal_consumo_estadual,variavel_complementar_carga_subsistema
2021-12-01,SP,Sudeste,SUDESTE / CENTRO - OESTE,11694461.437,19996524,SE,0.5848247143853602,Sudeste/Centro-Oeste,39777.991616935804,29594825.76300024,31,0,variavel_principal_consumo_estadual,variavel_complementar_carga_subsistema
2022-01-01,BA,Nordeste,NORDESTE,2132622.6969999997,6382024,NE,0.33416087075197454,Nordeste,11272.549063171937,8386776.50299992,31,0,variavel_principal_consumo_estadual,variavel_complementar_carga_subsistema
2022-01-01,MG,Sudeste,SUDESTE / CENTRO - OESTE,4942128.025,9551972,SE,0.5173934790637996,Sudeste/Centro-Oeste,41225.270895161935,30671601.54600048,31,0,variavel_principal_consumo_estadual,variavel_complementar_carga_subsistema
2022-01-01,PR,Sul,SUL,3068447.322,5088214,S,0.6030499743131873,Sul,13600.339452956776,10118652.55299984,31,0,variavel_principal_consumo_estadual,variavel_complementar_carga_subsistema
2022-01-01,RJ,Sudeste,SUDESTE / CENTRO - OESTE,3268931.162,7315217,SE,0.4468672852767047,Sudeste/Centro-Oeste,41225.270895161935,30671601.54600048,31,0,variavel_principal_consumo_estadual,variavel_complementar_carga_subsistema
2022-01-01,RS,Sul,SUL,2892227.798,4896296,S,0.5906970898001265,Sul,13600.339452956776,10118652.55299984,31,0,variavel_principal_consumo_estadual,variavel_complementar_carga_subsistema
2022-01-01,SP,Sudeste,SUDESTE / CENTRO - OESTE,11408095.684999999,19985788,SE,0.5708104021217476,Sudeste/Centro-Oeste,41225.270895161935,30671601.54600048,31,0,variavel_principal_consumo_estadual,variavel_complementar_carga_subsistema
2022-02-01,BA,Nordeste,NORDESTE,2085483.0750000002,6391483,NE,0.3262909523501823,Nordeste,11754.366642857856,7898934.38400048,28,0,variavel_principal_consumo_estadual,variavel_complementar_carga_subsistema
2022-02-01,MG,Sudeste,SUDESTE / CENTRO - OESTE,4680352.99,9549617,SE,0.4901089740038789,Sudeste/Centro-Oeste,42446.9041502975,28524319.58899992,28,0,variavel_principal_consumo_estadual,variavel_complementar_carga_subsistema
2022-02-01,PR,Sul,SUL,3121502.992,5093693,S,0.6128172608753609,Sul,13706.167395833929,9210544.4900004,28,0,variavel_principal_consumo_estadual,variavel_complementar_carga_subsistema
2022-02-01,RJ,Sudeste,SUDESTE / CENTRO - OESTE,3404965.8340000003,7328727,SE,0.4646053583384946,Sudeste/Centro-Oeste,42446.9041502975,28524319.58899992,28,0,variavel_principal_consumo_estadual,variavel_complementar_carga_subsistema
2022-02-01,RS,Sul,SUL,2843122.636,4899200,S,0.5803238561397779,Sul,13706.167395833929,9210544.4900004,28,0,variavel_principal_consumo_estadual,variavel_complementar_carga_subsistema
2022-02-01,SP,Sudeste,SUDESTE / CENTRO - OESTE,11347220.091,20036707,SE,0.566321606190079,Sudeste/Centro-Oeste,42446.9041502975,28524319.58899992,28,0,variavel_principal_consumo_estadual,variavel_complementar_carga_subsistema
2022-03-01,BA,Nordeste,NORDESTE,2249515.982,6402151,NE,0.35136877933681976,Nordeste,11567.363716398386,8606118.605000399,31,0,variavel_principal_consumo_estadual,variavel_complementar_carga_subsistema
2022-03-01,MG,Sudeste,SUDESTE / CENTRO - OESTE,5339645.969,9577176,SE,0.55753866995866,Sudeste/Centro-Oeste,44403.23449999968,33036006.46799976,31,0,variavel_principal_consumo_estadual,variavel_complementar_carga_subsistema
2022-03-01,PR,Sul,SUL,3238680.892,5105212,S,0.6343871502300003,Sul,12617.743708333226,9387601.31899992,31,0,variavel_principal_consumo_estadual,variavel_complementar_carga_subsistema
2022-03-01,RJ,Sudeste,SUDESTE / CENTRO - OESTE,3578851.5220000003,7294965,SE,0.49059200722690244,Sudeste/Centro-Oeste,44403.23449999968,33036006.46799976,31,0,variavel_principal_consumo_estadual,variavel_complementar_carga_subsistema
2022-03-01,RS,Sul,SUL,2853347.319,4912420,S,0.5808435188766433,Sul,12617.743708333226,9387601.31899992,31,0,variavel_principal_consumo_estadual,variavel_complementar_carga_subsistema
2022-03-01,SP,Sudeste,SUDESTE / CENTRO - OESTE,12023828.697999999,20052847,SE,0.5996070631766152,Sudeste/Centro-Oeste,44403.23449999968,33036006.46799976,31,0,variavel_principal_consumo_estadual,variavel_complementar_carga_subsistema
2022-04-01,BA,Nordeste,NORDESTE,2223013.263,6412195,NE,0.346685224482412,Nordeste,11332.976533333001,8159743.10399976,30,0,variavel_principal_consumo_estadual,variavel_complementar_carga_subsistema
2022-04-01,MG,Sudeste,SUDESTE / CENTRO - OESTE,5258200.337,9583576,SE,0.5486678810706985,Sudeste/Centro-Oeste,40913.244480555666,29457536.02600008,30,0,variavel_principal_consumo_estadual,variavel_complementar_carga_subsistema
2022-04-01,PR,Sul,SUL,2966878.464,5108485,S,0.5807746257452063,Sul,11135.387280555,8017478.8419996,30,0,variavel_principal_consumo_estadual,variavel_complementar_carga_subsistema
2022-04-01,RJ,Sudeste,SUDESTE / CENTRO - OESTE,3420827.707,7375391,SE,0.46381645488354445,Sudeste/Centro-Oeste,40913.244480555666,29457536.02600008,30,0,variavel_principal_consumo_estadual,variavel_complementar_carga_subsistema
2022-04-01,RS,Sul,SUL,2552798.0749999997,4914837,S,0.519406457426767,Sul,11135.387280555,8017478.8419996,30,0,variavel_principal_consumo_estadual,variavel_complementar_carga_subsistema
2022-04-01,SP,Sudeste,SUDESTE / CENTRO - OESTE,12094586.209999999,20071266,SE,0.6025821295976048,Sudeste/Centro-Oeste,40913.244480555666,29457536.02600008,30,0,variavel_principal_consumo_estadual,variavel_complementar_carga_subsistema
2022-05-01,BA,Nordeste,NORDESTE,2245695.952,6422745,NE,0.34964737849626604,Nordeste,11080.756221102258,8244082.62850008,31,0,variavel_principal_consumo_estadual,variavel_complementar_carga_subsistema
2022-05-01,MG,Sudeste,SUDESTE / CENTRO - OESTE,5268416.135,9595111,SE,0.5490729742469889,Sudeste/Centro-Oeste,38288.298114248064,28486493.79700056,31,0,variavel_principal_consumo_estadual,variavel_complementar_carga_subsistema
2022-05-01,PR,Sul,SUL,2914603.44,5117261,S,0.5695631784268967,Sul,11049.632953420969,8220926.9173452,31,0,variavel_principal_consumo_estadual,variavel_complementar_carga_subsistema
2022-05-01,RJ,Sudeste,SUDESTE / CENTRO - OESTE,3073036.757,7489239,SE,0.41032697140523894,Sudeste/Centro-Oeste,38288.298114248064,28486493.79700056,31,0,variavel_principal_consumo_estadual,variavel_complementar_carga_subsistema
2022-05-01,RS,Sul,SUL,2309232.922,4924986,S,0.4688811139767706,Sul,11049.632953420969,8220926.9173452,31,0,variavel_principal_consumo_estadual,variavel_complementar_carga_subsistema
2022-05-01,SP,Sudeste,SUDESTE / CENTRO - OESTE,11438183.709999999,20139802,SE,0.5679392334641621,Sudeste/Centro-Oeste,38288.298114248064,28486493.79700056,31,0,variavel_principal_consumo_estadual,variavel_complementar_carga_subsistema
2022-06-01,BA,Nordeste,NORDESTE,2172444.735,6435410,NE,0.33757674103126295,Nordeste,10408.505000000001,7494123.6,30,0,variavel_principal_consumo_estadual,variavel_complementar_carga_subsistema
2022-06-01,MG,Sudeste,SUDESTE / CENTRO - OESTE,5103374.704,9609912,SE,0.5310532192178242,Sudeste/Centro-Oeste,37455.66865277834,26968081.4300004,30,0,variavel_principal_consumo_estadual,variavel_complementar_carga_subsistema
2022-06-01,PR,Sul,SUL,2860857.764,5125686,S,0.5581414397994727,Sul,11211.195036015,8072060.4259308,30,0,variavel_principal_consumo_estadual,variavel_complementar_carga_subsistema
2022-06-01,RJ,Sudeste,SUDESTE / CENTRO - OESTE,2821333.391,7513496,SE,0.37550208198686735,Sudeste/Centro-Oeste,37455.66865277834,26968081.4300004,30,0,variavel_principal_consumo_estadual,variavel_complementar_carga_subsistema
2022-06-01,RS,Sul,SUL,2426570.621,4928360,S,0.49236878413914564,Sul,11211.195036015,8072060.4259308,30,0,variavel_principal_consumo_estadual,variavel_complementar_carga_subsistema
2022-06-01,SP,Sudeste,SUDESTE / CENTRO - OESTE,11096610.877,20132808,SE,0.5511705509236466,Sudeste/Centro-Oeste,37455.66865277834,26968081.4300004,30,0,variavel_principal_consumo_estadual,variavel_complementar_carga_subsistema
2022-07-01,BA,Nordeste,NORDESTE,2181349.035,6438942,NE,0.3387744500571678,Nordeste,10488.686962365806,7803583.10000016,31,0,variavel_principal_consumo_estadual,variavel_complementar_carga_subsistema
2022-07-01,MG,Sudeste,SUDESTE / CENTRO - OESTE,5190169.642,9626401,SE,0.5391599250851902,Sudeste/Centro-Oeste,37825.30040591355,28142023.50199968,31,0,variavel_principal_consumo_estadual,variavel_complementar_carga_subsistema
2022-07-01,PR,Sul,SUL,2866342.173,5133033,S,0.5584110160600955,Sul,11335.330448630968,8433485.85378144,31,0,variavel_principal_consumo_estadual,variavel_complementar_carga_subsistema
2022-07-01,RJ,Sudeste,SUDESTE / CENTRO - OESTE,2834759.067,7536293,SE,0.3761476719389758,Sudeste/Centro-Oeste,37825.30040591355,28142023.50199968,31,0,variavel_principal_consumo_estadual,variavel_complementar_carga_subsistema
2022-07-01,RS,Sul,SUL,2470536.534,4947289,S,0.49937178402151156,Sul,11335.330448630968,8433485.85378144,31,0,variavel_principal_consumo_estadual,variavel_complementar_carga_subsistema
2022-07-01,SP,Sudeste,SUDESTE / CENTRO - OESTE,11070389.102,20192399,SE,0.5482453621285911,Sudeste/Centro-Oeste,37825.30040591355,28142023.50199968,31,0,variavel_principal_consumo_estadual,variavel_complementar_carga_subsistema
2022-08-01,BA,Nordeste,NORDESTE,2179929.596,6447541,NE,0.3381024790691521,Nordeste,10808.890258064193,8041814.35199976,31,0,variavel_principal_consumo_estadual,variavel_complementar_carga_subsistema
2022-08-01,MG,Sudeste,SUDESTE / CENTRO - OESTE,5167727.212,9662150,SE,0.5348423706938932,Sudeste/Centro-Oeste,38015.06143279516,28283205.705999598,31,0,variavel_principal_consumo_estadual,variavel_complementar_carga_subsistema
2022-08-01,PR,Sul,SUL,2913427.353,5141059,S,0.566697902708372,Sul,11085.673817594838,8247741.32029056,31,0,variavel_principal_consumo_estadual,variavel_complementar_carga_subsistema
2022-08-01,RJ,Sudeste,SUDESTE / CENTRO - OESTE,2870858.329,7519104,SE,0.3818085677495616,Sudeste/Centro-Oeste,38015.06143279516,28283205.705999598,31,0,variavel_principal_consumo_estadual,variavel_complementar_carga_subsistema
2022-08-01,RS,Sul,SUL,2414224.317,4958897,S,0.48684703816191377,Sul,11085.673817594838,8247741.32029056,31,0,variavel_principal_consumo_estadual,variavel_complementar_carga_subsistema
2022-08-01,SP,Sudeste,SUDESTE / CENTRO - OESTE,11409227.991,20276047,SE,0.5626948877658451,Sudeste/Centro-Oeste,38015.06143279516,28283205.705999598,31,0,variavel_principal_consumo_estadual,variavel_complementar_carga_subsistema
2022-09-01,BA,Nordeste,NORDESTE,2153837.313,6463032,NE,0.3332549356091692,Nordeste,10992.910509723,7914895.5670005595,30,0,variavel_principal_consumo_estadual,variavel_complementar_carga_subsistema
2022-09-01,MG,Sudeste,SUDESTE / CENTRO - OESTE,5172783.624,9674861,SE,0.5346623195930154,Sudeste/Centro-Oeste,38464.872072222664,27694707.89200032,30,0,variavel_principal_consumo_estadual,variavel_complementar_carga_subsistema
2022-09-01,PR,Sul,SUL,2861149.122,5150709,S,0.555486462543312,Sul,11042.749065628333,7950779.3272524,30,0,variavel_principal_consumo_estadual,variavel_complementar_carga_subsistema
2022-09-01,RJ,Sudeste,SUDESTE / CENTRO - OESTE,2828548.278,7463526,SE,0.37898283974625396,Sudeste/Centro-Oeste,38464.872072222664,27694707.89200032,30,0,variavel_principal_consumo_estadual,variavel_complementar_carga_subsistema
2022-09-01,RS,Sul,SUL,2398092.642,4971637,S,0.482354733863313,Sul,11042.749065628333,7950779.3272524,30,0,variavel_principal_consumo_estadual,variavel_complementar_carga_subsistema
2022-09-01,SP,Sudeste,SUDESTE / CENTRO - OESTE,11519777.551,20358914,SE,0.5658345799289688,Sudeste/Centro-Oeste,38464.872072222664,27694707.89200032,30,0,variavel_principal_consumo_estadual,variavel_complementar_carga_subsistema
2022-10-01,BA,Nordeste,NORDESTE,2222570.824,6476313,NE,0.34318459036800725,Nordeste,11621.156887097097,8646140.72400024,31,0,variavel_principal_consumo_estadual,variavel_complementar_carga_subsistema
2022-10-01,MG,Sudeste,SUDESTE / CENTRO - OESTE,5336051.409999999,9695841,SE,0.5503443600199301,Sudeste/Centro-Oeste,39624.20309408645,29480407.10200032,31,0,variavel_principal_consumo_estadual,variavel_complementar_carga_subsistema
2022-10-01,PR,Sul,SUL,2852702.505,5154713,S,0.5534163599408929,Sul,10787.156779618388,8025644.64403608,31,0,variavel_principal_consumo_estadual,variavel_complementar_carga_subsistema
2022-10-01,RJ,Sudeste,SUDESTE / CENTRO - OESTE,2953841.6399999997,7423286,SE,0.3979156454432713,Sudeste/Centro-Oeste,39624.20309408645,29480407.10200032,31,0,variavel_principal_consumo_estadual,variavel_complementar_carga_subsistema
2022-10-01,RS,Sul,SUL,2281819.804,4980889,S,0.45811496783003997,Sul,10787.156779618388,8025644.64403608,31,0,variavel_principal_consumo_estadual,variavel_complementar_carga_subsistema
2022-10-01,SP,Sudeste,SUDESTE / CENTRO - OESTE,11330099.349,20303101,SE,0.5580477262562009,Sudeste/Centro-Oeste,39624.20309408645,29480407.10200032,31,0,variavel_principal_consumo_estadual,variavel_complementar_carga_subsistema
2022-11-01,BA,Nordeste,NORDESTE,2297059.821,6489035,NE,0.35399097415871544,Nordeste,11456.447676389333,8248642.32700032,30,0,variavel_principal_consumo_estadual,variavel_complementar_carga_subsistema
2022-11-01,MG,Sudeste,SUDESTE / CENTRO - OESTE,5050600.433,9705005,SE,0.5204119351818984,Sudeste/Centro-Oeste,38870.22297361067,27986560.54099968,30,0,variavel_principal_consumo_estadual,variavel_complementar_carga_subsistema
2022-11-01,PR,Sul,SUL,2865571.5379999997,5162247,S,0.5551015939376787,Sul,11383.324640277333,8195993.74099968,30,0,variavel_principal_consumo_estadual,variavel_complementar_carga_subsistema
2022-11-01,RJ,Sudeste,SUDESTE / CENTRO - OESTE,3031316.174,7421704,SE,0.4084393791506641,Sudeste/Centro-Oeste,38870.22297361067,27986560.54099968,30,0,variavel_principal_consumo_estadual,variavel_complementar_carga_subsistema
2022-11-01,RS,Sul,SUL,2401209.973,4997041,S,0.48052637010582866,Sul,11383.324640277333,8195993.74099968,30,0,variavel_principal_consumo_estadual,variavel_complementar_carga_subsistema
2022-11-01,SP,Sudeste,SUDESTE / CENTRO - OESTE,11576813.272,20348581,SE,0.5689248440468649,Sudeste/Centro-Oeste,38870.22297361067,27986560.54099968,30,0,variavel_principal_consumo_estadual,variavel_complementar_carga_subsistema
2022-12-01,BA,Nordeste,NORDESTE,2137373.012,6503070,NE,0.3286713832082386,Nordeste,11308.882662633549,8413808.70099936,31,0,variavel_principal_consumo_estadual,variavel_complementar_carga_subsistema
2022-12-01,MG,Sudeste,SUDESTE / CENTRO - OESTE,5078748.046999999,9723138,SE,0.5223363123098735,Sudeste/Centro-Oeste,38728.19629973129,28813778.04700008,31,0,variavel_principal_consumo_estadual,variavel_complementar_carga_subsistema
2022-12-01,PR,Sul,SUL,2937482.477,5169495,S,0.5682339332952252,Sul,12022.316655912904,8944603.5919992,31,0,variavel_principal_consumo_estadual,variavel_complementar_carga_subsistema
2022-12-01,RJ,Sudeste,SUDESTE / CENTRO - OESTE,3128027.49,7437275,SE,0.42058784837188357,Sudeste/Centro-Oeste,38728.19629973129,28813778.04700008,31,0,variavel_principal_consumo_estadual,variavel_complementar_carga_subsistema
2022-12-01,RS,Sul,SUL,2703558.371,5017620,S,0.5388128975490372,Sul,12022.316655912904,8944603.5919992,31,0,variavel_principal_consumo_estadual,variavel_complementar_carga_subsistema
2022-12-01,SP,Sudeste,SUDESTE / CENTRO - OESTE,11707744.918,20394719,SE,0.5740576723807765,Sudeste/Centro-Oeste,38728.19629973129,28813778.04700008,31,0,variavel_principal_consumo_estadual,variavel_complementar_carga_subsistema
2023-01-01,BA,Nordeste,NORDESTE,2160398.21,6514420,NE,0.3316332397972498,Nordeste,11510.283720429034,8563651.0879992,31,0,variavel_principal_consumo_estadual,variavel_complementar_carga_subsistema
2023-01-01,MG,Sudeste,SUDESTE / CENTRO - OESTE,5095531.929,9725274,SE,0.523947389965568,Sudeste/Centro-Oeste,39957.98983736452,29728744.4389992,31,0,variavel_principal_consumo_estadual,variavel_complementar_carga_subsistema
2023-01-01,PR,Sul,SUL,3051127.678,5176589,S,0.5894089096121017,Sul,13003.633719085807,9674703.48699984,31,0,variavel_principal_consumo_estadual,variavel_complementar_carga_subsistema
2023-01-01,RJ,Sudeste,SUDESTE / CENTRO - OESTE,3173012.979,7390480,SE,0.42933787507712623,Sudeste/Centro-Oeste,39957.98983736452,29728744.4389992,31,0,variavel_principal_consumo_estadual,variavel_complementar_carga_subsistema
2023-01-01,RS,Sul,SUL,2766682.453,5021591,S,0.5509573465859725,Sul,13003.633719085807,9674703.48699984,31,0,variavel_principal_consumo_estadual,variavel_complementar_carga_subsistema
2023-01-01,SP,Sudeste,SUDESTE / CENTRO - OESTE,11286106.805,20411280,SE,0.5529347892439866,Sudeste/Centro-Oeste,39957.98983736452,29728744.4389992,31,0,variavel_principal_consumo_estadual,variavel_complementar_carga_subsistema
2023-02-01,BA,Nordeste,NORDESTE,2160697.403,6524561,NE,0.33116364503297613,Nordeste,11813.240264881784,7938497.45800056,28,0,variavel_principal_consumo_estadual,variavel_complementar_carga_subsistema
2023-02-01,MG,Sudeste,SUDESTE / CENTRO - OESTE,4927133.356000001,9732664,SE,0.5062471442556735,Sudeste/Centro-Oeste,42456.55918006,28530807.76900032,28,0,variavel_principal_consumo_estadual,variavel_complementar_carga_subsistema
2023-02-01,PR,Sul,SUL,3031414.447,5180961,S,0.5851065945101691,Sul,13121.993828868572,8817979.85299968,28,0,variavel_principal_consumo_estadual,variavel_complementar_carga_subsistema
2023-02-01,RJ,Sudeste,SUDESTE / CENTRO - OESTE,3342186.925,7425596,SE,0.4500900567442667,Sudeste/Centro-Oeste,42456.55918006,28530807.76900032,28,0,variavel_principal_consumo_estadual,variavel_complementar_carga_subsistema
2023-02-01,RS,Sul,SUL,2894929.3310000002,5029782,S,0.5755576148230679,Sul,13121.993828868572,8817979.85299968,28,0,variavel_principal_consumo_estadual,variavel_complementar_carga_subsistema
2023-02-01,SP,Sudeste,SUDESTE / CENTRO - OESTE,11540030.003,20424837,SE,0.5649998579180828,Sudeste/Centro-Oeste,42456.55918006,28530807.76900032,28,0,variavel_principal_consumo_estadual,variavel_complementar_carga_subsistema
2023-03-01,BA,Nordeste,NORDESTE,2317437.069,6537789,NE,0.3544680118920938,Nordeste,11487.93622580613,8547024.55199976,31,0,variavel_principal_consumo_estadual,variavel_complementar_carga_subsistema
2023-03-01,MG,Sudeste,SUDESTE / CENTRO - OESTE,5619862.411,9758209,SE,0.5759112569734877,Sudeste/Centro-Oeste,43184.885065860006,32129554.48899984,31,0,variavel_principal_consumo_estadual,variavel_complementar_carga_subsistema
2023-03-01,PR,Sul,SUL,3160725.0190000003,5192628,S,0.6086946761832353,Sul,13524.77759253258,10062434.528844241,31,0,variavel_principal_consumo_estadual,variavel_complementar_carga_subsistema
2023-03-01,RJ,Sudeste,SUDESTE / CENTRO - OESTE,3649939.1309999996,7413778,SE,0.49231837411371093,Sudeste/Centro-Oeste,43184.885065860006,32129554.48899984,31,0,variavel_principal_consumo_estadual,variavel_complementar_carga_subsistema
2023-03-01,RS,Sul,SUL,3013326.499,5039977,S,0.5978849703083963,Sul,13524.77759253258,10062434.528844241,31,0,variavel_principal_consumo_estadual,variavel_complementar_carga_subsistema
2023-03-01,SP,Sudeste,SUDESTE / CENTRO - OESTE,11841790.819,20519549,SE,0.5770980063450712,Sudeste/Centro-Oeste,43184.885065860006,32129554.48899984,31,0,variavel_principal_consumo_estadual,variavel_complementar_carga_subsistema
2023-04-01,BA,Nordeste,NORDESTE,2289126.128,6548200,NE,0.34958097309184205,Nordeste,11321.735759721334,8151649.74699936,30,0,variavel_principal_consumo_estadual,variavel_complementar_carga_subsistema
2023-04-01,MG,Sudeste,SUDESTE / CENTRO - OESTE,5326562.350000001,9778257,SE,0.5447353602998981,Sudeste/Centro-Oeste,39473.588625,28420983.81,30,0,variavel_principal_consumo_estadual,variavel_complementar_carga_subsistema
2023-04-01,PR,Sul,SUL,3138879.246,5194846,S,0.6042295086322097,Sul,11549.969252737334,8315977.86197088,30,0,variavel_principal_consumo_estadual,variavel_complementar_carga_subsistema
2023-04-01,RJ,Sudeste,SUDESTE / CENTRO - OESTE,3339302.289,7494770,SE,0.44555100276592874,Sudeste/Centro-Oeste,39473.588625,28420983.81,30,0,variavel_principal_consumo_estadual,variavel_complementar_carga_subsistema
2023-04-01,RS,Sul,SUL,2918029.34,5047909,S,0.5780669461355187,Sul,11549.969252737334,8315977.86197088,30,0,variavel_principal_consumo_estadual,variavel_complementar_carga_subsistema
2023-04-01,SP,Sudeste,SUDESTE / CENTRO - OESTE,12070175.547,20526708,SE,0.5880229575536419,Sudeste/Centro-Oeste,39473.588625,28420983.81,30,0,variavel_principal_consumo_estadual,variavel_complementar_carga_subsistema
2023-05-01,BA,Nordeste,NORDESTE,2280718.902,6560591,NE,0.3476392450009458,Nordeste,11956.65962231129,8895754.758999601,31,0,variavel_principal_consumo_estadual,variavel_complementar_carga_subsistema
2023-05-01,MG,Sudeste,SUDESTE / CENTRO - OESTE,5443073.173,9805031,SE,0.5551306439520691,Sudeste/Centro-Oeste,39817.59433736516,29624290.18699968,31,0,variavel_principal_consumo_estadual,variavel_complementar_carga_subsistema
2023-05-01,PR,Sul,SUL,2987537.933,5198113,S,0.5747350880983157,Sul,12072.260621776451,8981761.90260168,31,0,variavel_principal_consumo_estadual,variavel_complementar_carga_subsistema
2023-05-01,RJ,Sudeste,SUDESTE / CENTRO - OESTE,3034825.767,7477393,SE,0.40586682644606215,Sudeste/Centro-Oeste,39817.59433736516,29624290.18699968,31,0,variavel_principal_consumo_estadual,variavel_complementar_carga_subsistema
2023-05-01,RS,Sul,SUL,2463457.325,5053646,S,0.48746139420925017,Sul,12072.260621776451,8981761.90260168,31,0,variavel_principal_consumo_estadual,variavel_complementar_carga_subsistema
2023-05-01,SP,Sudeste,SUDESTE / CENTRO - OESTE,11178451.806,20425208,SE,0.5472870487291978,Sudeste/Centro-Oeste,39817.59433736516,29624290.18699968,31,0,variavel_principal_consumo_estadual,variavel_complementar_carga_subsistema
2023-06-01,BA,Nordeste,NORDESTE,2215439.007,6572036,NE,0.337100862959363,Nordeste,11653.2444,8390335.968,30,0,variavel_principal_consumo_estadual,variavel_complementar_carga_subsistema
2023-06-01,MG,Sudeste,SUDESTE / CENTRO - OESTE,5270435.264,9823319,SE,0.5365228660496519,Sudeste/Centro-Oeste,38619.006366666996,27805684.58400024,30,0,variavel_principal_consumo_estadual,variavel_complementar_carga_subsistema
2023-06-01,PR,Sul,SUL,2879631.224,5205027,S,0.5532404008663163,Sul,11714.029734696333,8434101.40898136,30,0,variavel_principal_consumo_estadual,variavel_complementar_carga_subsistema
2023-06-01,RJ,Sudeste,SUDESTE / CENTRO - OESTE,2942528.039,7439987,SE,0.3955017715756761,Sudeste/Centro-Oeste,38619.006366666996,27805684.58400024,30,0,variavel_principal_consumo_estadual,variavel_complementar_carga_subsistema
2023-06-01,RS,Sul,SUL,2440947.971,5063212,S,0.4820947594135896,Sul,11714.029734696333,8434101.40898136,30,0,variavel_principal_consumo_estadual,variavel_complementar_carga_subsistema
2023-06-01,SP,Sudeste,SUDESTE / CENTRO - OESTE,11368109.256000001,20699311,SE,0.5492023022408814,Sudeste/Centro-Oeste,38619.006366666996,27805684.58400024,30,0,variavel_principal_consumo_estadual,variavel_complementar_carga_subsistema
2023-07-01,BA,Nordeste,NORDESTE,2106542.831,6583658,NE,0.31996540995902273,Nordeste,11600.14058198871,8630504.5929996,31,0,variavel_principal_consumo_estadual,variavel_complementar_carga_subsistema
2023-07-01,MG,Sudeste,SUDESTE / CENTRO - OESTE,5280897.768,9839532,SE,0.5367021285158684,Sudeste/Centro-Oeste,38360.98819489258,28540575.21700008,31,0,variavel_principal_consumo_estadual,variavel_complementar_carga_subsistema
2023-07-01,PR,Sul,SUL,2929545.921,5216671,S,0.5615738314722167,Sul,11801.396719812903,8780239.1595408,31,0,variavel_principal_consumo_estadual,variavel_complementar_carga_subsistema
2023-07-01,RJ,Sudeste,SUDESTE / CENTRO - OESTE,2856981.895,7543528,SE,0.37873285483927416,Sudeste/Centro-Oeste,38360.98819489258,28540575.21700008,31,0,variavel_principal_consumo_estadual,variavel_complementar_carga_subsistema
2023-07-01,RS,Sul,SUL,2461912.219,5072602,S,0.48533518281150384,Sul,11801.396719812903,8780239.1595408,31,0,variavel_principal_consumo_estadual,variavel_complementar_carga_subsistema
2023-07-01,SP,Sudeste,SUDESTE / CENTRO - OESTE,11107358.938,20625099,SE,0.5385360302028126,Sudeste/Centro-Oeste,38360.98819489258,28540575.21700008,31,0,variavel_principal_consumo_estadual,variavel_complementar_carga_subsistema
2023-08-01,BA,Nordeste,NORDESTE,2206374.8540000003,6596087,NE,0.3344975367971951,Nordeste,11989.970827957097,8920538.29600008,31,0,variavel_principal_consumo_estadual,variavel_complementar_carga_subsistema
2023-08-01,MG,Sudeste,SUDESTE / CENTRO - OESTE,5438757.175999999,9855530,SE,0.5518482695501915,Sudeste/Centro-Oeste,40747.42263172064,30316082.43800016,31,0,variavel_principal_consumo_estadual,variavel_complementar_carga_subsistema
2023-08-01,PR,Sul,SUL,3016596.167,5229161,S,0.5768795734153146,Sul,12204.290502671289,9079992.13398744,31,0,variavel_principal_consumo_estadual,variavel_complementar_carga_subsistema
2023-08-01,RJ,Sudeste,SUDESTE / CENTRO - OESTE,3007333.934,7547270,SE,0.39846645661278846,Sudeste/Centro-Oeste,40747.42263172064,30316082.43800016,31,0,variavel_principal_consumo_estadual,variavel_complementar_carga_subsistema
2023-08-01,RS,Sul,SUL,2459000.233,5081167,S,0.4839439902290163,Sul,12204.290502671289,9079992.13398744,31,0,variavel_principal_consumo_estadual,variavel_complementar_carga_subsistema
2023-08-01,SP,Sudeste,SUDESTE / CENTRO - OESTE,11409601.025,20688033,SE,0.5515072904707761,Sudeste/Centro-Oeste,40747.42263172064,30316082.43800016,31,0,variavel_principal_consumo_estadual,variavel_complementar_carga_subsistema
2023-09-01,BA,Nordeste,NORDESTE,2287165.328,6608991,NE,0.34606876117700874,Nordeste,12315.059366666334,8866842.74399976,30,0,variavel_principal_consumo_estadual,variavel_complementar_carga_subsistema
2023-09-01,MG,Sudeste,SUDESTE / CENTRO - OESTE,5297051.787,9866474,SE,0.5368738403405309,Sudeste/Centro-Oeste,43415.48387500034,31259148.39000024,30,0,variavel_principal_consumo_estadual,variavel_complementar_carga_subsistema
2023-09-01,PR,Sul,SUL,3023561.638,5236600,S,0.5773902222816331,Sul,12237.747963887667,8811178.53399912,30,0,variavel_principal_consumo_estadual,variavel_complementar_carga_subsistema
2023-09-01,RJ,Sudeste,SUDESTE / CENTRO - OESTE,3054745.315,7430522,SE,0.4111077680679769,Sudeste/Centro-Oeste,43415.48387500034,31259148.39000024,30,0,variavel_principal_consumo_estadual,variavel_complementar_carga_subsistema
2023-09-01,RS,Sul,SUL,2463568.216,5086443,S,0.48434008127093925,Sul,12237.747963887667,8811178.53399912,30,0,variavel_principal_consumo_estadual,variavel_complementar_carga_subsistema
2023-09-01,SP,Sudeste,SUDESTE / CENTRO - OESTE,11950008.547,20686110,SE,0.5776827323745257,Sudeste/Centro-Oeste,43415.48387500034,31259148.39000024,30,0,variavel_principal_consumo_estadual,variavel_complementar_carga_subsistema
2023-10-01,BA,Nordeste,NORDESTE,2306748.001,6620373,NE,0.3484317274872579,Nordeste,13051.162861559676,9710065.1690004,31,0,variavel_principal_consumo_estadual,variavel_complementar_carga_subsistema
2023-10-01,MG,Sudeste,SUDESTE / CENTRO - OESTE,5751116.307999999,9885302,SE,0.5817845836171721,Sudeste/Centro-Oeste,44093.899512096126,32805861.23699952,31,0,variavel_principal_consumo_estadual,variavel_complementar_carga_subsistema
2023-10-01,PR,Sul,SUL,3165055.443,5246517,S,0.6032679286086369,Sul,12344.294657419678,9184155.22512024,31,0,variavel_principal_consumo_estadual,variavel_complementar_carga_subsistema
2023-10-01,RJ,Sudeste,SUDESTE / CENTRO - OESTE,3202455.083,7481895,SE,0.42802726889377624,Sudeste/Centro-Oeste,44093.899512096126,32805861.23699952,31,0,variavel_principal_consumo_estadual,variavel_complementar_carga_subsistema
2023-10-01,RS,Sul,SUL,2412490.711,5093866,S,0.4736070228388419,Sul,12344.294657419678,9184155.22512024,31,0,variavel_principal_consumo_estadual,variavel_complementar_carga_subsistema
2023-10-01,SP,Sudeste,SUDESTE / CENTRO - OESTE,12251199.472,20707356,SE,0.5916351402854135,Sudeste/Centro-Oeste,44093.899512096126,32805861.23699952,31,0,variavel_principal_consumo_estadual,variavel_complementar_carga_subsistema
2023-11-01,BA,Nordeste,NORDESTE,2379025.599,6632541,NE,0.3586899197456902,Nordeste,13514.736843055,9730610.5269996,30,0,variavel_principal_consumo_estadual,variavel_complementar_carga_subsistema
2023-11-01,MG,Sudeste,SUDESTE / CENTRO - OESTE,5693792.487000001,9892786,SE,0.5755499499332141,Sudeste/Centro-Oeste,46313.88861249967,33345999.80099976,30,0,variavel_principal_consumo_estadual,variavel_complementar_carga_subsistema
2023-11-01,PR,Sul,SUL,3160006.875,5252450,S,0.6016253129491952,Sul,13212.251165278,9512820.83900016,30,0,variavel_principal_consumo_estadual,variavel_complementar_carga_subsistema
2023-11-01,RJ,Sudeste,SUDESTE / CENTRO - OESTE,3322401.1640000003,7393477,SE,0.4493692431855811,Sudeste/Centro-Oeste,46313.88861249967,33345999.80099976,30,0,variavel_principal_consumo_estadual,variavel_complementar_carga_subsistema
2023-11-01,RS,Sul,SUL,2499648.701,5102160,S,0.4899197008717876,Sul,13212.251165278,9512820.83900016,30,0,variavel_principal_consumo_estadual,variavel_complementar_carga_subsistema
2023-11-01,SP,Sudeste,SUDESTE / CENTRO - OESTE,12543915.397,20721914,SE,0.6053454037595176,Sudeste/Centro-Oeste,46313.88861249967,33345999.80099976,30,0,variavel_principal_consumo_estadual,variavel_complementar_carga_subsistema
2023-12-01,BA,Nordeste,NORDESTE,2433080.4650000003,6647089,NE,0.36603699228338904,Nordeste,13170.854274229678,9799115.58002688,31,0,variavel_principal_consumo_estadual,variavel_complementar_carga_subsistema
2023-12-01,MG,Sudeste,SUDESTE / CENTRO - OESTE,5634876.132,9905382,SE,0.5688701487736667,Sudeste/Centro-Oeste,46195.9226235442,34369766.43191688,31,0,variavel_principal_consumo_estadual,variavel_complementar_carga_subsistema
2023-12-01,PR,Sul,SUL,3207775.958,5259833,S,0.6098627005838398,Sul,14019.737479995483,10430684.68511664,31,0,variavel_principal_consumo_estadual,variavel_complementar_carga_subsistema
2023-12-01,RJ,Sudeste,SUDESTE / CENTRO - OESTE,3460805.347,7489201,SE,0.4621060840802644,Sudeste/Centro-Oeste,46195.9226235442,34369766.43191688,31,0,variavel_principal_consumo_estadual,variavel_complementar_carga_subsistema
2023-12-01,RS,Sul,SUL,2662957.0609999998,5112987,S,0.5208221849576382,Sul,14019.737479995483,10430684.68511664,31,0,variavel_principal_consumo_estadual,variavel_complementar_carga_subsistema
2023-12-01,SP,Sudeste,SUDESTE / CENTRO - OESTE,12789351.538,20828407,SE,0.6140340707765122,Sudeste/Centro-Oeste,46195.9226235442,34369766.43191688,31,0,variavel_principal_consumo_estadual,variavel_complementar_carga_subsistema
2024-01-01,BA,Nordeste,NORDESTE,2401144.401,6656741,NE,0.36070870129993043,Nordeste,13173.178837364838,9800845.05499944,31,0,variavel_principal_consumo_estadual,variavel_complementar_carga_subsistema
2024-01-01,MG,Sudeste,SUDESTE / CENTRO - OESTE,5545890.518999999,9922614,SE,0.5589142658376108,Sudeste/Centro-Oeste,45239.24634946193,33657999.28399968,31,0,variavel_principal_consumo_estadual,variavel_complementar_carga_subsistema
2024-01-01,PR,Sul,SUL,3362747.2760000005,5570313,S,0.6036909013909991,Sul,14048.42270967742,10452026.496,31,0,variavel_principal_consumo_estadual,variavel_complementar_carga_subsistema
2024-01-01,RJ,Sudeste,SUDESTE / CENTRO - OESTE,3491216.683,7363374,SE,0.47413273901339253,Sudeste/Centro-Oeste,45239.24634946193,33657999.28399968,31,0,variavel_principal_consumo_estadual,variavel_complementar_carga_subsistema
2024-01-01,RS,Sul,SUL,2772864.8159999996,5115926,S,0.5420064355895686,Sul,14048.42270967742,10452026.496,31,0,variavel_principal_consumo_estadual,variavel_complementar_carga_subsistema
2024-01-01,SP,Sudeste,SUDESTE / CENTRO - OESTE,12389253.536,20625062,SE,0.6006892748249678,Sudeste/Centro-Oeste,45239.24634946193,33657999.28399968,31,0,variavel_principal_consumo_estadual,variavel_complementar_carga_subsistema
2024-02-01,BA,Nordeste,NORDESTE,2272219.526,6666898,NE,0.34082110240774643,Nordeste,13191.391191092069,9181208.26900008,29,0,variavel_principal_consumo_estadual,variavel_complementar_carga_subsistema
2024-02-01,MG,Sudeste,SUDESTE / CENTRO - OESTE,5260005.386999999,9928210,SE,0.529804001627685,Sudeste/Centro-Oeste,46597.777875,32432053.401,29,0,variavel_principal_consumo_estadual,variavel_complementar_carga_subsistema
2024-02-01,PR,Sul,SUL,3320478.728,5563472,S,0.596835704035178,Sul,15666.29641092,10903742.30200032,29,0,variavel_principal_consumo_estadual,variavel_complementar_carga_subsistema
2024-02-01,RJ,Sudeste,SUDESTE / CENTRO - OESTE,3447485.232,7371044,SE,0.4677065056184714,Sudeste/Centro-Oeste,46597.777875,32432053.401,29,0,variavel_principal_consumo_estadual,variavel_complementar_carga_subsistema
2024-02-01,RS,Sul,SUL,2958558.404,5119474,S,0.5779028087651192,Sul,15666.29641092,10903742.30200032,29,0,variavel_principal_consumo_estadual,variavel_complementar_carga_subsistema
2024-02-01,SP,Sudeste,SUDESTE / CENTRO - OESTE,12426746.048999999,20852163,SE,0.5959451807949132,Sudeste/Centro-Oeste,46597.777875,32432053.401,29,0,variavel_principal_consumo_estadual,variavel_complementar_carga_subsistema
2024-03-01,BA,Nordeste,NORDESTE,2309713.215,6676860,NE,0.34592805824893735,Nordeste,13409.232362903871,9976468.87800048,31,0,variavel_principal_consumo_estadual,variavel_complementar_carga_subsistema
2024-03-01,MG,Sudeste,SUDESTE / CENTRO - OESTE,5665542.965,9937987,SE,0.5700895930936516,Sudeste/Centro-Oeste,47170.80406451613,35095078.224,31,0,variavel_principal_consumo_estadual,variavel_complementar_carga_subsistema
2024-03-01,PR,Sul,SUL,3460938.7830000003,5580580,S,0.6201754625863262,Sul,14535.687283602581,10814551.33900032,31,0,variavel_principal_consumo_estadual,variavel_complementar_carga_subsistema
2024-03-01,RJ,Sudeste,SUDESTE / CENTRO - OESTE,3559219.945,7362250,SE,0.48344187510611564,Sudeste/Centro-Oeste,47170.80406451613,35095078.224,31,0,variavel_principal_consumo_estadual,variavel_complementar_carga_subsistema
2024-03-01,RS,Sul,SUL,3057378.075,5127250,S,0.5962997854600419,Sul,14535.687283602581,10814551.33900032,31,0,variavel_principal_consumo_estadual,variavel_complementar_carga_subsistema
2024-03-01,SP,Sudeste,SUDESTE / CENTRO - OESTE,12768301.03,20865924,SE,0.6119211893036703,Sudeste/Centro-Oeste,47170.80406451613,35095078.224,31,0,variavel_principal_consumo_estadual,variavel_complementar_carga_subsistema
2024-04-01,BA,Nordeste,NORDESTE,2405460.622,6688346,NE,0.3596495489318286,Nordeste,13074.199491667001,9413423.63400024,30,0,variavel_principal_consumo_estadual,variavel_complementar_carga_subsistema
2024-04-01,MG,Sudeste,SUDESTE / CENTRO - OESTE,5638844.07,9969793,SE,0.5655928934532543,Sudeste/Centro-Oeste,45701.518498611,32905093.31899992,30,0,variavel_principal_consumo_estadual,variavel_complementar_carga_subsistema
2024-04-01,PR,Sul,SUL,3402606.327,5572564,S,0.6105997754355087,Sul,13518.555294444332,9733359.81199992,30,0,variavel_principal_consumo_estadual,variavel_complementar_carga_subsistema
2024-04-01,RJ,Sudeste,SUDESTE / CENTRO - OESTE,3443170.8660000004,7330818,SE,0.46968440165885994,Sudeste/Centro-Oeste,45701.518498611,32905093.31899992,30,0,variavel_principal_consumo_estadual,variavel_complementar_carga_subsistema
2024-04-01,RS,Sul,SUL,2815124.9099999997,5134083,S,0.5483208802818341,Sul,13518.555294444332,9733359.81199992,30,0,variavel_principal_consumo_estadual,variavel_complementar_carga_subsistema
2024-04-01,SP,Sudeste,SUDESTE / CENTRO - OESTE,12558991.055,20857978,SE,0.6021192972300575,Sudeste/Centro-Oeste,45701.518498611,32905093.31899992,30,0,variavel_principal_consumo_estadual,variavel_complementar_carga_subsistema
2024-05-01,BA,Nordeste,NORDESTE,2315927.159,6702267,NE,0.3455438524009861,Nordeste,12821.144970430645,9538931.8580004,31,0,variavel_principal_consumo_estadual,variavel_complementar_carga_subsistema
2024-05-01,MG,Sudeste,SUDESTE / CENTRO - OESTE,5652577.192,9985459,SE,0.5660808573747086,Sudeste/Centro-Oeste,44316.92672311807,32971793.48199984,31,0,variavel_principal_consumo_estadual,variavel_complementar_carga_subsistema
2024-05-01,PR,Sul,SUL,3332554.583,5559451,S,0.5994395099444172,Sul,12542.552846772904,9331659.31799904,31,0,variavel_principal_consumo_estadual,variavel_complementar_carga_subsistema
2024-05-01,RJ,Sudeste,SUDESTE / CENTRO - OESTE,3472385.164,7403033,SE,0.46904899167678976,Sudeste/Centro-Oeste,44316.92672311807,32971793.48199984,31,0,variavel_principal_consumo_estadual,variavel_complementar_carga_subsistema
2024-05-01,RS,Sul,SUL,2465770.796,4762179,S,0.5177820480918504,Sul,12542.552846772904,9331659.31799904,31,0,variavel_principal_consumo_estadual,variavel_complementar_carga_subsistema
2024-05-01,SP,Sudeste,SUDESTE / CENTRO - OESTE,12776183.381,20936464,SE,0.610235968260925,Sudeste/Centro-Oeste,44316.92672311807,32971793.48199984,31,0,variavel_principal_consumo_estadual,variavel_complementar_carga_subsistema
2024-06-01,BA,Nordeste,NORDESTE,2352718.599,6712857,NE,0.3504794752815381,Nordeste,12193.805612499667,8779540.04099976,30,0,variavel_principal_consumo_estadual,variavel_complementar_carga_subsistema
2024-06-01,MG,Sudeste,SUDESTE / CENTRO - OESTE,5604390.684,10013963,SE,0.5596576184673341,Sudeste/Centro-Oeste,41439.08901805533,29836144.092999842,30,0,variavel_principal_consumo_estadual,variavel_complementar_carga_subsistema
2024-06-01,PR,Sul,SUL,3165773.575,5525784,S,0.5729093962051358,Sul,12601.212051388,9072872.67699936,30,0,variavel_principal_consumo_estadual,variavel_complementar_carga_subsistema
2024-06-01,RJ,Sudeste,SUDESTE / CENTRO - OESTE,3170627.6319999998,7406253,SE,0.4281014477901308,Sudeste/Centro-Oeste,41439.08901805533,29836144.092999842,30,0,variavel_principal_consumo_estadual,variavel_complementar_carga_subsistema
2024-06-01,RS,Sul,SUL,2432816.716,4835124,S,0.5031549792725067,Sul,12601.212051388,9072872.67699936,30,0,variavel_principal_consumo_estadual,variavel_complementar_carga_subsistema
2024-06-01,SP,Sudeste,SUDESTE / CENTRO - OESTE,12184666.008,20975368,SE,0.5809035630745548,Sudeste/Centro-Oeste,41439.08901805533,29836144.092999842,30,0,variavel_principal_consumo_estadual,variavel_complementar_carga_subsistema
2024-07-01,BA,Nordeste,NORDESTE,2277251.521,6726118,NE,0.33856847605111895,Nordeste,12296.832178764194,9148843.14100056,31,0,variavel_principal_consumo_estadual,variavel_complementar_carga_subsistema
2024-07-01,MG,Sudeste,SUDESTE / CENTRO - OESTE,5694551.066,10026823,SE,0.5679317432849866,Sudeste/Centro-Oeste,41012.28707123678,30513141.58100016,31,0,variavel_principal_consumo_estadual,variavel_complementar_carga_subsistema
2024-07-01,PR,Sul,SUL,3170534.611,5533930,S,0.5729264032974758,Sul,12955.000212365161,9638520.15799968,31,0,variavel_principal_consumo_estadual,variavel_complementar_carga_subsistema
2024-07-01,RJ,Sudeste,SUDESTE / CENTRO - OESTE,3054819.401,7417577,SE,0.4118352126307553,Sudeste/Centro-Oeste,41012.28707123678,30513141.58100016,31,0,variavel_principal_consumo_estadual,variavel_complementar_carga_subsistema
2024-07-01,RS,Sul,SUL,2489717.798,4872846,S,0.5109370987714367,Sul,12955.000212365161,9638520.15799968,31,0,variavel_principal_consumo_estadual,variavel_complementar_carga_subsistema
2024-07-01,SP,Sudeste,SUDESTE / CENTRO - OESTE,11616456.866,20977482,SE,0.5537583998880323,Sudeste/Centro-Oeste,41012.28707123678,30513141.58100016,31,0,variavel_principal_consumo_estadual,variavel_complementar_carga_subsistema
2024-08-01,BA,Nordeste,NORDESTE,2274255.755,6735985,NE,0.33762779385642927,Nordeste,12832.086068547742,9547072.03499952,31,0,variavel_principal_consumo_estadual,variavel_complementar_carga_subsistema
2024-08-01,MG,Sudeste,SUDESTE / CENTRO - OESTE,5727643.657,10043264,SE,0.5702970326180811,Sudeste/Centro-Oeste,42059.601862903226,31292343.786,31,0,variavel_principal_consumo_estadual,variavel_complementar_carga_subsistema
2024-08-01,PR,Sul,SUL,3213933.764,5543763,S,0.5797386655959138,Sul,13015.815580644838,9683766.791999761,31,0,variavel_principal_consumo_estadual,variavel_complementar_carga_subsistema
2024-08-01,RJ,Sudeste,SUDESTE / CENTRO - OESTE,3053966.983,7412566,SE,0.41199862274413473,Sudeste/Centro-Oeste,42059.601862903226,31292343.786,31,0,variavel_principal_consumo_estadual,variavel_complementar_carga_subsistema
2024-08-01,RS,Sul,SUL,2780699.273,5324257,S,0.5222699191643079,Sul,13015.815580644838,9683766.791999761,31,0,variavel_principal_consumo_estadual,variavel_complementar_carga_subsistema
2024-08-01,SP,Sudeste,SUDESTE / CENTRO - OESTE,12015115.818,21033465,SE,0.5712380636286033,Sudeste/Centro-Oeste,42059.601862903226,31292343.786,31,0,variavel_principal_consumo_estadual,variavel_complementar_carga_subsistema
2024-09-01,BA,Nordeste,NORDESTE,2314194.401,6746781,NE,0.34300719128129403,Nordeste,13109.959158332998,9439170.59399976,30,0,variavel_principal_consumo_estadual,variavel_complementar_carga_subsistema
2024-09-01,MG,Sudeste,SUDESTE / CENTRO - OESTE,5691257.131999999,10056529,SE,0.5659265867974924,Sudeste/Centro-Oeste,45974.778326389,33101840.39500008,30,0,variavel_principal_consumo_estadual,variavel_complementar_carga_subsistema
2024-09-01,PR,Sul,SUL,3203619.5090000005,5576962,S,0.5744381096733312,Sul,12846.214137500332,9249274.17900024,30,0,variavel_principal_consumo_estadual,variavel_complementar_carga_subsistema
2024-09-01,RJ,Sudeste,SUDESTE / CENTRO - OESTE,3151251.611,7399169,SE,0.4258926388895834,Sudeste/Centro-Oeste,45974.778326389,33101840.39500008,30,0,variavel_principal_consumo_estadual,variavel_complementar_carga_subsistema
2024-09-01,RS,Sul,SUL,2588019.181,5151417,S,0.502389765961482,Sul,12846.214137500332,9249274.17900024,30,0,variavel_principal_consumo_estadual,variavel_complementar_carga_subsistema
2024-09-01,SP,Sudeste,SUDESTE / CENTRO - OESTE,12287611.894000001,21069104,SE,0.5832052418555626,Sudeste/Centro-Oeste,45974.778326389,33101840.39500008,30,0,variavel_principal_consumo_estadual,variavel_complementar_carga_subsistema
2024-10-01,BA,Nordeste,NORDESTE,2286143.5470000003,6759786,NE,0.33819762149275145,Nordeste,13749.61422177484,10229712.981000481,31,0,variavel_principal_consumo_estadual,variavel_complementar_carga_subsistema
2024-10-01,MG,Sudeste,SUDESTE / CENTRO - OESTE,5958147.019,10058468,SE,0.5923513420731666,Sudeste/Centro-Oeste,45186.274911291286,33618588.53400072,31,0,variavel_principal_consumo_estadual,variavel_complementar_carga_subsistema
2024-10-01,PR,Sul,SUL,3346729.282,5612978,S,0.5962484232077874,Sul,13452.274934139354,10008492.55099968,31,0,variavel_principal_consumo_estadual,variavel_complementar_carga_subsistema
2024-10-01,RJ,Sudeste,SUDESTE / CENTRO - OESTE,3312912.687,7417508,SE,0.4466341912944347,Sudeste/Centro-Oeste,45186.274911291286,33618588.53400072,31,0,variavel_principal_consumo_estadual,variavel_complementar_carga_subsistema
2024-10-01,RS,Sul,SUL,2537101.3400000003,5190305,S,0.4888154626751222,Sul,13452.274934139354,10008492.55099968,31,0,variavel_principal_consumo_estadual,variavel_complementar_carga_subsistema
2024-10-01,SP,Sudeste,SUDESTE / CENTRO - OESTE,12776922.199,21114788,SE,0.6051172381650244,Sudeste/Centro-Oeste,45186.274911291286,33618588.53400072,31,0,variavel_principal_consumo_estadual,variavel_complementar_carga_subsistema
2024-11-01,BA,Nordeste,NORDESTE,2401338.625,6769734,NE,0.35471683599385145,Nordeste,13833.600750000332,9960192.54000024,30,0,variavel_principal_consumo_estadual,variavel_complementar_carga_subsistema
2024-11-01,MG,Sudeste,SUDESTE / CENTRO - OESTE,5463519.057,10084828,SE,0.5417562953974029,Sudeste/Centro-Oeste,44152.971936111666,31790139.794000402,30,0,variavel_principal_consumo_estadual,variavel_complementar_carga_subsistema
2024-11-01,PR,Sul,SUL,3379205.0540000005,5624399,S,0.6008117585541141,Sul,14324.712020833666,10313792.65500024,30,0,variavel_principal_consumo_estadual,variavel_complementar_carga_subsistema
2024-11-01,RJ,Sudeste,SUDESTE / CENTRO - OESTE,3209721.256,7460524,SE,0.43022732129807506,Sudeste/Centro-Oeste,44152.971936111666,31790139.794000402,30,0,variavel_principal_consumo_estadual,variavel_complementar_carga_subsistema
2024-11-01,RS,Sul,SUL,2689926.671,5173420,S,0.5199513418589637,Sul,14324.712020833666,10313792.65500024,30,0,variavel_principal_consumo_estadual,variavel_complementar_carga_subsistema
2024-11-01,SP,Sudeste,SUDESTE / CENTRO - OESTE,12587245.575000001,21111002,SE,0.5962410299141652,Sudeste/Centro-Oeste,44152.971936111666,31790139.794000402,30,0,variavel_principal_consumo_estadual,variavel_complementar_carga_subsistema
2024-12-01,BA,Nordeste,NORDESTE,2361236.102,6782967,NE,0.3481125740402393,Nordeste,13769.78814516129,10244722.38,31,0,variavel_principal_consumo_estadual,variavel_complementar_carga_subsistema
2024-12-01,MG,Sudeste,SUDESTE / CENTRO - OESTE,5644098.394,10105317,SE,0.5585275943347447,Sudeste/Centro-Oeste,44730.57369086032,33279546.82600008,31,0,variavel_principal_consumo_estadual,variavel_complementar_carga_subsistema
2024-12-01,PR,Sul,SUL,3294463.8830000004,5624637,S,0.5857202665700916,Sul,13162.192505376452,9792671.22400008,31,0,variavel_principal_consumo_estadual,variavel_complementar_carga_subsistema
2024-12-01,RJ,Sudeste,SUDESTE / CENTRO - OESTE,3286528.768,7406120,SE,0.4437585089088484,Sudeste/Centro-Oeste,44730.57369086032,33279546.82600008,31,0,variavel_principal_consumo_estadual,variavel_complementar_carga_subsistema
2024-12-01,RS,Sul,SUL,2753942.375,5178159,S,0.5318381252873849,Sul,13162.192505376452,9792671.22400008,31,0,variavel_principal_consumo_estadual,variavel_complementar_carga_subsistema
2024-12-01,SP,Sudeste,SUDESTE / CENTRO - OESTE,12542877.162,21134611,SE,0.5934756576309826,Sudeste/Centro-Oeste,44730.57369086032,33279546.82600008,31,0,variavel_principal_consumo_estadual,variavel_complementar_carga_subsistema
2025-01-01,BA,Nordeste,NORDESTE,2288415.003,6793949,NE,0.3368313484543378,Nordeste,13413.73937903258,9979822.09800024,31,0,variavel_principal_consumo_estadual,variavel_complementar_carga_subsistema
2025-01-01,MG,Sudeste,SUDESTE / CENTRO - OESTE,5592903.159000001,10122805,SE,0.5525052748719352,Sudeste/Centro-Oeste,46753.53152956968,34784627.45799984,31,0,variavel_principal_consumo_estadual,variavel_complementar_carga_subsistema
2025-01-01,PR,Sul,SUL,3393292.8809999996,5359580,S,0.633126640706921,Sul,15296.750024193549,11380782.018,31,0,variavel_principal_consumo_estadual,variavel_complementar_carga_subsistema
2025-01-01,RJ,Sudeste,SUDESTE / CENTRO - OESTE,3509247.209,7343417,SE,0.47787660826016004,Sudeste/Centro-Oeste,46753.53152956968,34784627.45799984,31,0,variavel_principal_consumo_estadual,variavel_complementar_carga_subsistema
2025-01-01,RS,Sul,SUL,2815862.957,5184775,S,0.5431022478313909,Sul,15296.750024193549,11380782.018,31,0,variavel_principal_consumo_estadual,variavel_complementar_carga_subsistema
2025-01-01,SP,Sudeste,SUDESTE / CENTRO - OESTE,12565203.492999999,21175605,SE,0.5933810860657818,Sudeste/Centro-Oeste,46753.53152956968,34784627.45799984,31,0,variavel_principal_consumo_estadual,variavel_complementar_carga_subsistema
2025-02-01,BA,Nordeste,NORDESTE,2275815.894,6806158,NE,0.33437600096853465,Nordeste,13739.950529761785,9233246.755999919,28,0,variavel_principal_consumo_estadual,variavel_complementar_carga_subsistema
2025-02-01,MG,Sudeste,SUDESTE / CENTRO - OESTE,5378744.46,10126368,SE,0.5311622548183119,Sudeste/Centro-Oeste,51068.716029761425,34318177.17199968,28,0,variavel_principal_consumo_estadual,variavel_complementar_carga_subsistema
2025-02-01,PR,Sul,SUL,3537098.969,5365144,S,0.6592738180000388,Sul,16692.659525297855,11217467.20100016,28,0,variavel_principal_consumo_estadual,variavel_complementar_carga_subsistema
2025-02-01,RJ,Sudeste,SUDESTE / CENTRO - OESTE,3700213.728,7350545,SE,0.5033931127555848,Sudeste/Centro-Oeste,51068.716029761425,34318177.17199968,28,0,variavel_principal_consumo_estadual,variavel_complementar_carga_subsistema
2025-02-01,RS,Sul,SUL,3250185.9390000002,5185602,S,0.626771190500158,Sul,16692.659525297855,11217467.20100016,28,0,variavel_principal_consumo_estadual,variavel_complementar_carga_subsistema
2025-02-01,SP,Sudeste,SUDESTE / CENTRO - OESTE,12841561.303,21172640,SE,0.6065167736758382,Sudeste/Centro-Oeste,51068.716029761425,34318177.17199968,28,0,variavel_principal_consumo_estadual,variavel_complementar_carga_subsistema
2025-03-01,BA,Nordeste,NORDESTE,2348060.3449999997,6815105,NE,0.3445376622957386,Nordeste,13792.189364247097,10261388.88699984,31,0,variavel_principal_consumo_estadual,variavel_complementar_carga_subsistema
2025-03-01,MG,Sudeste,SUDESTE / CENTRO - OESTE,5968075.358,10151319,SE,0.5879113204894851,Sudeste/Centro-Oeste,48586.32505376322,36148225.83999984,31,0,variavel_principal_consumo_estadual,variavel_complementar_carga_subsistema
2025-03-01,PR,Sul,SUL,3696037.3610000005,5376297,S,0.6874689699992393,Sul,15648.576801075807,11642541.1400004,31,0,variavel_principal_consumo_estadual,variavel_complementar_carga_subsistema
2025-03-01,RJ,Sudeste,SUDESTE / CENTRO - OESTE,3784775.8189999997,7452565,SE,0.5078487499270385,Sudeste/Centro-Oeste,48586.32505376322,36148225.83999984,31,0,variavel_principal_consumo_estadual,variavel_complementar_carga_subsistema
2025-03-01,RS,Sul,SUL,3339216.358,5194436,S,0.6428448358974872,Sul,15648.576801075807,11642541.1400004,31,0,variavel_principal_consumo_estadual,variavel_complementar_carga_subsistema
2025-03-01,SP,Sudeste,SUDESTE / CENTRO - OESTE,13240527.839,21197024,SE,0.6246408853903265,Sudeste/Centro-Oeste,48586.32505376322,36148225.83999984,31,0,variavel_principal_consumo_estadual,variavel_complementar_carga_subsistema
2025-04-01,BA,Nordeste,NORDESTE,2392412.793,6829218,NE,0.35032016740423283,Nordeste,13829.252120833668,9957061.52700024,30,0,variavel_principal_consumo_estadual,variavel_complementar_carga_subsistema
2025-04-01,MG,Sudeste,SUDESTE / CENTRO - OESTE,5621634.968,10155809,SE,0.5535388631274968,Sudeste/Centro-Oeste,44297.410269444,31894135.39399968,30,0,variavel_principal_consumo_estadual,variavel_complementar_carga_subsistema
2025-04-01,PR,Sul,SUL,3384918.9949999996,5382240,S,0.6289052504161835,Sul,13165.044877777667,9478832.31199992,30,0,variavel_principal_consumo_estadual,variavel_complementar_carga_subsistema
2025-04-01,RJ,Sudeste,SUDESTE / CENTRO - OESTE,3389655.453,7439500,SE,0.4556294714698569,Sudeste/Centro-Oeste,44297.410269444,31894135.39399968,30,0,variavel_principal_consumo_estadual,variavel_complementar_carga_subsistema
2025-04-01,RS,Sul,SUL,2957700.756,5200566,S,0.568726703208843,Sul,13165.044877777667,9478832.31199992,30,0,variavel_principal_consumo_estadual,variavel_complementar_carga_subsistema
2025-04-01,SP,Sudeste,SUDESTE / CENTRO - OESTE,12708768.746,21225692,SE,0.5987446131791604,Sudeste/Centro-Oeste,44297.410269444,31894135.39399968,30,0,variavel_principal_consumo_estadual,variavel_complementar_carga_subsistema
2025-05-01,BA,Nordeste,NORDESTE,2357351.904,6843227,NE,0.34447957140688157,Nordeste,13322.290313170968,9911783.9929992,31,0,variavel_principal_consumo_estadual,variavel_complementar_carga_subsistema
2025-05-01,MG,Sudeste,SUDESTE / CENTRO - OESTE,5687927.371,10172648,SE,0.5591393087620844,Sudeste/Centro-Oeste,41856.35931854871,31141131.33300024,31,0,variavel_principal_consumo_estadual,variavel_complementar_carga_subsistema
2025-05-01,PR,Sul,SUL,3246386.436,5391289,S,0.6021540370030247,Sul,12914.781025537419,9608597.08299984,31,0,variavel_principal_consumo_estadual,variavel_complementar_carga_subsistema
2025-05-01,RJ,Sudeste,SUDESTE / CENTRO - OESTE,3188414.653,7426828,SE,0.42931042068026887,Sudeste/Centro-Oeste,41856.35931854871,31141131.33300024,31,0,variavel_principal_consumo_estadual,variavel_complementar_carga_subsistema
2025-05-01,RS,Sul,SUL,2663501.108,5206052,S,0.5116163088651439,Sul,12914.781025537419,9608597.08299984,31,0,variavel_principal_consumo_estadual,variavel_complementar_carga_subsistema
2025-05-01,SP,Sudeste,SUDESTE / CENTRO - OESTE,12299449.931,21298235,SE,0.5774868166775322,Sudeste/Centro-Oeste,41856.35931854871,31141131.33300024,31,0,variavel_principal_consumo_estadual,variavel_complementar_carga_subsistema
2025-06-01,BA,Nordeste,NORDESTE,2280004.195,6855592,NE,0.33257582933756846,Nordeste,12762.132684721666,9188735.5329996,30,0,variavel_principal_consumo_estadual,variavel_complementar_carga_subsistema
2025-06-01,MG,Sudeste,SUDESTE / CENTRO - OESTE,5602441.733,10193283,SE,0.5496209349823801,Sudeste/Centro-Oeste,41058.529588888996,29562141.30400008,30,0,variavel_principal_consumo_estadual,variavel_complementar_carga_subsistema
2025-06-01,PR,Sul,SUL,3158794.099,5398293,S,0.5851468416034475,Sul,12704.481897222666,9147226.96600032,30,0,variavel_principal_consumo_estadual,variavel_complementar_carga_subsistema
2025-06-01,RJ,Sudeste,SUDESTE / CENTRO - OESTE,2987571.089,7385703,SE,0.404507341955126,Sudeste/Centro-Oeste,41058.529588888996,29562141.30400008,30,0,variavel_principal_consumo_estadual,variavel_complementar_carga_subsistema
2025-06-01,RS,Sul,SUL,2651378.168,5208274,S,0.5090704075860832,Sul,12704.481897222666,9147226.96600032,30,0,variavel_principal_consumo_estadual,variavel_complementar_carga_subsistema
2025-06-01,SP,Sudeste,SUDESTE / CENTRO - OESTE,11843531.77,21268493,SE,0.5568580608884701,Sudeste/Centro-Oeste,41058.529588888996,29562141.30400008,30,0,variavel_principal_consumo_estadual,variavel_complementar_carga_subsistema
2025-07-01,BA,Nordeste,NORDESTE,2215163.897,6869723,NE,0.32245316106631955,Nordeste,12209.76264247387,9084063.40600056,31,0,variavel_principal_consumo_estadual,variavel_complementar_carga_subsistema
2025-07-01,MG,Sudeste,SUDESTE / CENTRO - OESTE,5651377.688,10200792,SE,0.5540136185504028,Sudeste/Centro-Oeste,40356.67471774226,30025365.99000024,31,0,variavel_principal_consumo_estadual,variavel_complementar_carga_subsistema
2025-07-01,PR,Sul,SUL,3232349.28,5405571,S,0.5979662981024576,Sul,13400.596584677742,9970043.85900024,31,0,variavel_principal_consumo_estadual,variavel_complementar_carga_subsistema
2025-07-01,RJ,Sudeste,SUDESTE / CENTRO - OESTE,2910078.918,7393334,SE,0.39360847460699055,Sudeste/Centro-Oeste,40356.67471774226,30025365.99000024,31,0,variavel_principal_consumo_estadual,variavel_complementar_carga_subsistema
2025-07-01,RS,Sul,SUL,2800575.702,5211846,S,0.5373481300099812,Sul,13400.596584677742,9970043.85900024,31,0,variavel_principal_consumo_estadual,variavel_complementar_carga_subsistema
2025-07-01,SP,Sudeste,SUDESTE / CENTRO - OESTE,11593458.898,21333422,SE,0.5434411271665652,Sudeste/Centro-Oeste,40356.67471774226,30025365.99000024,31,0,variavel_principal_consumo_estadual,variavel_complementar_carga_subsistema
2025-08-01,BA,Nordeste,NORDESTE,2259740.07,6887433,NE,0.3280961237662856,Nordeste,12449.615200269678,9262513.70900064,31,0,variavel_principal_consumo_estadual,variavel_complementar_carga_subsistema
2025-08-01,MG,Sudeste,SUDESTE / CENTRO - OESTE,5629505.232,10229455,SE,0.5503230848564269,Sudeste/Centro-Oeste,41177.32930376419,30635933.00200056,31,0,variavel_principal_consumo_estadual,variavel_complementar_carga_subsistema
2025-08-01,PR,Sul,SUL,3191766.2700000005,5410889,S,0.5898783490106709,Sul,12499.434439515806,9299579.22299976,31,0,variavel_principal_consumo_estadual,variavel_complementar_carga_subsistema
2025-08-01,RJ,Sudeste,SUDESTE / CENTRO - OESTE,2945168.622,7414445,SE,0.3972203748223906,Sudeste/Centro-Oeste,41177.32930376419,30635933.00200056,31,0,variavel_principal_consumo_estadual,variavel_complementar_carga_subsistema
2025-08-01,RS,Sul,SUL,2744921.514,5217855,S,0.5260632029828349,Sul,12499.434439515806,9299579.22299976,31,0,variavel_principal_consumo_estadual,variavel_complementar_carga_subsistema
2025-08-01,SP,Sudeste,SUDESTE / CENTRO - OESTE,11998508.754999999,21362826,SE,0.5616536292997939,Sudeste/Centro-Oeste,41177.32930376419,30635933.00200056,31,0,variavel_principal_consumo_estadual,variavel_complementar_carga_subsistema
2025-09-01,BA,Nordeste,NORDESTE,2281069.632,6902545,NE,0.3304679117629802,Nordeste,13036.568203472332,9386329.10650008,30,0,variavel_principal_consumo_estadual,variavel_complementar_carga_subsistema
2025-09-01,MG,Sudeste,SUDESTE / CENTRO - OESTE,5650497.958,10257393,SE,0.550870767845202,Sudeste/Centro-Oeste,42854.22092083333,30855039.063,30,0,variavel_principal_consumo_estadual,variavel_complementar_carga_subsistema
2025-09-01,PR,Sul,SUL,3172723.2679999997,5421378,S,0.5852245071271547,Sul,12596.212222222333,9069272.80000008,30,0,variavel_principal_consumo_estadual,variavel_complementar_carga_subsistema
2025-09-01,RJ,Sudeste,SUDESTE / CENTRO - OESTE,2989319.417,7433355,SE,0.40214942203083265,Sudeste/Centro-Oeste,42854.22092083333,30855039.063,30,0,variavel_principal_consumo_estadual,variavel_complementar_carga_subsistema
2025-09-01,RS,Sul,SUL,2651383.423,5228820,S,0.5070710835331872,Sul,12596.212222222333,9069272.80000008,30,0,variavel_principal_consumo_estadual,variavel_complementar_carga_subsistema
2025-09-01,SP,Sudeste,SUDESTE / CENTRO - OESTE,12130603.653,21367587,SE,0.5677105071808062,Sudeste/Centro-Oeste,42854.22092083333,30855039.063,30,0,variavel_principal_consumo_estadual,variavel_complementar_carga_subsistema
2025-10-01,BA,Nordeste,NORDESTE,2222723.488,6917267,NE,0.321329722851525,Nordeste,13318.657934139677,9909081.50299992,31,0,variavel_principal_consumo_estadual,variavel_complementar_carga_subsistema
2025-10-01,MG,Sudeste,SUDESTE / CENTRO - OESTE,5895978.55,10276464,SE,0.573736116819949,Sudeste/Centro-Oeste,43616.251810483554,32450491.34699976,31,0,variavel_principal_consumo_estadual,variavel_complementar_carga_subsistema
2025-10-01,PR,Sul,SUL,3386413.899,5429862,S,0.6236648185533997,Sul,12805.386182796776,9527207.3200008,31,0,variavel_principal_consumo_estadual,variavel_complementar_carga_subsistema
2025-10-01,RJ,Sudeste,SUDESTE / CENTRO - OESTE,3101672.136,7415328,SE,0.41827848154525327,Sudeste/Centro-Oeste,43616.251810483554,32450491.34699976,31,0,variavel_principal_consumo_estadual,variavel_complementar_carga_subsistema
2025-10-01,RS,Sul,SUL,2662144.463,5238946,S,0.5081450473053167,Sul,12805.386182796776,9527207.3200008,31,0,variavel_principal_consumo_estadual,variavel_complementar_carga_subsistema
2025-10-01,SP,Sudeste,SUDESTE / CENTRO - OESTE,12521198.042,21410773,SE,0.5848083131795382,Sudeste/Centro-Oeste,43616.251810483554,32450491.34699976,31,0,variavel_principal_consumo_estadual,variavel_complementar_carga_subsistema
2025-11-01,BA,Nordeste,NORDESTE,2383648.356,6929096,NE,0.34400567635374085,Nordeste,13814.669012499666,9946561.68899976,30,0,variavel_principal_consumo_estadual,variavel_complementar_carga_subsistema
2025-11-01,MG,Sudeste,SUDESTE / CENTRO - OESTE,5516835.621,10283279,SE,0.5364860392293159,Sudeste/Centro-Oeste,43903.619652777335,31610606.14999968,30,0,variavel_principal_consumo_estadual,variavel_complementar_carga_subsistema
2025-11-01,PR,Sul,SUL,3305286.952,5438059,S,0.6078063794453131,Sul,13486.569623610667,9710330.12899968,30,0,variavel_principal_consumo_estadual,variavel_complementar_carga_subsistema
2025-11-01,RJ,Sudeste,SUDESTE / CENTRO - OESTE,3113611.4189999998,7447749,SE,0.4180607347266939,Sudeste/Centro-Oeste,43903.619652777335,31610606.14999968,30,0,variavel_principal_consumo_estadual,variavel_complementar_carga_subsistema
2025-11-01,RS,Sul,SUL,2652367.489,5241599,S,0.5060225875729906,Sul,13486.569623610667,9710330.12899968,30,0,variavel_principal_consumo_estadual,variavel_complementar_carga_subsistema
2025-11-01,SP,Sudeste,SUDESTE / CENTRO - OESTE,12569501.448,21407241,SE,0.5871612062479233,Sudeste/Centro-Oeste,43903.619652777335,31610606.14999968,30,0,variavel_principal_consumo_estadual,variavel_complementar_carga_subsistema
2025-12-01,BA,Nordeste,NORDESTE,2357803.737,6941933,NE,0.3396465706309756,Nordeste,13571.434659947097,10097147.38700064,31,0,variavel_principal_consumo_estadual,variavel_complementar_carga_subsistema
2025-12-01,MG,Sudeste,SUDESTE / CENTRO - OESTE,5568427.379,10309547,SE,0.5401233806878226,Sudeste/Centro-Oeste,45689.636798387095,33993089.778,31,0,variavel_principal_consumo_estadual,variavel_complementar_carga_subsistema
2025-12-01,PR,Sul,SUL,3331735.3789999997,5451523,S,0.6111568049882573,Sul,14616.854502687742,10874939.74999968,31,0,variavel_principal_consumo_estadual,variavel_complementar_carga_subsistema
2025-12-01,RJ,Sudeste,SUDESTE / CENTRO - OESTE,3343594.164,7487866,SE,0.4465349892746478,Sudeste/Centro-Oeste,45689.636798387095,33993089.778,31,0,variavel_principal_consumo_estadual,variavel_complementar_carga_subsistema
2025-12-01,RS,Sul,SUL,2949328.575,5251923,S,0.561571175929274,Sul,14616.854502687742,10874939.74999968,31,0,variavel_principal_consumo_estadual,variavel_complementar_carga_subsistema
2025-12-01,SP,Sudeste,SUDESTE / CENTRO - OESTE,12603730.375,21475538,SE,0.5868877592263346,Sudeste/Centro-Oeste,45689.636798387095,33993089.778,31,0,variavel_principal_consumo_estadual,variavel_complementar_carga_subsistema
